text,label,predicted_label,predicted_probability,prob_negative,prob_neutral,prob_positive
android marshmallow <number> . <number> . <number> won't let me log on the by existing account just keeps saying setting up bbm please fix,negative,negative,0.779640793800354,0.7796408,0.19272254,0.027636657
map animation stopped working,negative,negative,0.7724660038948059,0.772466,0.19201423,0.035519704
"good, but slow workflow.",positive,neutral,0.6121828556060791,0.013342839,0.61218286,0.3744743
nice app to use with friends,neutral,positive,0.8996239304542542,0.008666198,0.09170984,0.89962393
"i love this app, but i wish they had more outfit selections for maternity. other than that it's pretty awesome.",positive,positive,0.9098775386810303,0.010504483,0.079617985,0.90987754
radar in motion won't work.,negative,negative,0.9679160714149475,0.9679161,0.021393226,0.010690781
only opened <number> st <number> th pages of <url>,negative,negative,0.801581859588623,0.80158186,0.15374865,0.044669457
when i was being rained on it said no rain in your <url> it is still a good weather app.,neutral,neutral,0.7484909892082214,0.045277536,0.748491,0.20623145
everthing is tought before its use,neutral,negative,0.48851126432418823,0.48851126,0.43524823,0.07624053
good content. worth downloading,neutral,positive,0.7887657880783081,0.0073634596,0.20387077,0.7887658
"it's a great and fun app for emoji use, i like the customization. but there needs to be more clothing and style options. i feel like there needs to be styles with clothing and hair, such as punk, goth, rocker, traditional, futuristic, fairy, and many more. other than wanting more styles to choose from this app is great",positive,positive,0.921990692615509,0.008449501,0.06955981,0.9219907
"wow, this is a terrible app. no open dialog or page goto. i had expected better from an actual adobe app.",negative,negative,0.9661943912506104,0.9661944,0.022541896,0.011263764
i m fed of this <url> has posted it add every where,negative,negative,0.7394838333129883,0.73948383,0.2095199,0.050996274
it is very usefull browser,positive,positive,0.8314353227615356,0.011275375,0.15728928,0.8314353
its a bit slow vs thinking office and also text anti aliasing is bad,neutral,neutral,0.7983962893486023,0.08224806,0.7983963,0.119355604
"it was great for me and the owner was very nice to us.,but the price change when i pay from <number> to <number>",neutral,positive,0.6954197883605957,0.023014616,0.28156564,0.6954198
provide some good <url> the only bad thing about this app is lack of good <url> hope you make it <url>,neutral,neutral,0.5674272775650024,0.014764207,0.5674273,0.41780853
problem with saving large photos plz fix ir,neutral,neutral,0.6185708045959473,0.3126566,0.6185708,0.06877261
its a good app but we dont have a night mode option for reading in which the background becomes black and text becomes white in color.,positive,neutral,0.7481765151023865,0.018879889,0.7481765,0.23294361
i hate the new version of bbm,negative,negative,0.9337361454963684,0.93373615,0.051642336,0.014621594
is an interesting app to use.,positive,positive,0.9105907678604126,0.009294196,0.08011503,0.91059077
"used to be great. now lots of issues with network. i keep getting no network errors, as failed to update errors even when signal is great, or i'm connected to my wi-fi at home.",neutral,negative,0.7383202314376831,0.73832023,0.23834006,0.023339598
it always has me in virginia and i live in florida,neutral,neutral,0.5012785196304321,0.1566322,0.5012785,0.34208927
it is the very good ape to any one download,positive,positive,0.9050488471984863,0.009237015,0.08571412,0.90504885
not up to the mark,neutral,negative,0.47511351108551025,0.4751135,0.458264,0.06662248
useless boring it's of no use now days just like mxit,negative,negative,0.9413602352142334,0.94136024,0.047448706,0.011191063
very easy to use,positive,positive,0.9207834601402283,0.010817173,0.06839934,0.92078346
worst upadate this update dont respond whenever i access my download section so hated it.,negative,negative,0.9681400060653687,0.96814,0.0224908,0.009369173
i have lots of state that i watch. my home town will not show what it feels like. all the others do. i have tried a few different things and it won't work. don't understand but it is important to me to know how cold it feels out. i can go to hourly and it tells me but should not have to! i'm uninstalling!,neutral,negative,0.7468209862709045,0.746821,0.21730796,0.035871066
better and more accurate then most other weather apps.,positive,positive,0.9069781303405762,0.009912535,0.08310936,0.90697813
fun!!! just wish i could make one of my bf.,neutral,positive,0.8697106838226318,0.012146007,0.118143335,0.8697107
worthless does not open password protected pdf as stated,negative,negative,0.9519852995872498,0.9519853,0.033803705,0.014211044
shoddy ui and keeps logging me out,negative,negative,0.5964415073394775,0.5964415,0.3695626,0.033995934
"very accurate, which is important! how about a <number> x <number> widget?",positive,positive,0.8742913007736206,0.01131459,0.11439407,0.8742913
i like the set up.,positive,positive,0.8433858156204224,0.009787346,0.14682686,0.8433858
"looks interesting at initial install, however the advertisement photos and the camera lay out are different to my install on a samsung galaxy note <number> . missing too many features compared to the full pc. version, particularly tagging and indexing. camera is not as good as the original camera being on the dark side. a nice app. however adds not enough to warrant keeping. perhaps in the future updates. most notably is missing the side by side photo comparison which was the main reason for installation.",neutral,neutral,0.7310684323310852,0.026678773,0.73106843,0.24225281
nexus <number> and samsung s <number>,positive,neutral,0.4667677581310272,0.405837,0.46676776,0.12739529
"crashing. app crashes and freezes constantly. on htc one m <number> , and the app is completely broken.",negative,negative,0.9365524053573608,0.9365524,0.0459963,0.017451322
plz provide watermarking <url>,positive,positive,0.46888720989227295,0.08465365,0.4464591,0.4688872
u can download all movies in any language at movie <url> it okkk,neutral,neutral,0.6425942182540894,0.30426198,0.6425942,0.053143777
pls add more features for android like iphone features,neutral,positive,0.510482668876648,0.03603346,0.45348388,0.51048267
nice app but when i taking picture with this app i have little problem here the range have limited only <number> - <number> meter even i set focus to infinity still can't get to it. i shoot with pro mode <url> you can fix that it will be <url>,neutral,neutral,0.6716338396072388,0.033225786,0.67163384,0.29514042
it's not a web browser. it's an ad browser,negative,negative,0.8819788098335266,0.8819788,0.1031844,0.014836831
a lot of a bug here,negative,negative,0.5153759717941284,0.515376,0.43221906,0.05240493
shame forest starts again every day would be nice to build a huge forest like monthly or so,positive,negative,0.6500483155250549,0.6500483,0.29593572,0.054015957
"this app is so fun! my friends and family love exchanging silly bitmojis in our texts. the only reason why i gave it <number> stars is because i wish there was a way for your to organize the bitmojis, so you can quickly access certain ones instead of having to scroll through them or search. also, the outfits are pretty awful. they need a little more fashion. lol however, the art and creativity in the bitmojis are terrific!",positive,positive,0.8303809762001038,0.018941669,0.15067741,0.830381
i love it but we need video support!,neutral,positive,0.7721885442733765,0.03119756,0.19661386,0.77218854
the app is is good but,neutral,neutral,0.7784597873687744,0.029578237,0.7784598,0.19196202
it is taking forever to load. never had this issue before. just started a few weeks ago,neutral,neutral,0.6332582831382751,0.2793036,0.6332583,0.08743814
map stopped animating over a week ago on my samsung galaxy s <number> . please fix. used to be the <signature>,negative,negative,0.6964229345321655,0.69642293,0.2674839,0.036093164
"it definitely helps me stay focused and off my phone. the one complaint i have is that when i have my phone on silent/vibrate, when i plant a tree my phone goes into standard/sounds on mode. i don't like that at all, i have it on silent for a reason.",positive,positive,0.8085538744926453,0.010338331,0.18110783,0.8085539
one   for doing this nasty ios port,negative,negative,0.9316189289093018,0.9316189,0.048327647,0.020053465
unmounted my sd card,negative,negative,0.8857460618019104,0.88574606,0.09378292,0.020471035
why can i not delete saved locations? and ive read thtough it many times and dont see anyway at all to delte previously saved locations!!? im going to have to uninstall the app and then reinstall it to reset this location deleting issue u have!?!???,neutral,negative,0.880962610244751,0.8809626,0.10587235,0.013165056
"lacks capability to browse for local file. no goto page option, <number> page documents impossible to read. no 'bookmark' to save <url> apps avail",negative,negative,0.7639848589897156,0.76398486,0.21188642,0.024128715
bbm is easy to use and simple way for chating to my friends and <url> !,neutral,positive,0.8849378228187561,0.009393327,0.10566888,0.8849378
make it better please,positive,neutral,0.5065949559211731,0.013886633,0.50659496,0.47951835
"i liked the game as well as the concept. it would be better if it gave a sort of buzzer when time was up, and if you could add some personalization.",positive,positive,0.8515499830245972,0.010956226,0.13749376,0.85155
"useful app nice app for opening documents, no adverts,easy to use and doesn't need a lot of experience",positive,positive,0.8894996643066406,0.007344358,0.103155956,0.88949966
easy to book and great choice and information.,positive,positive,0.9260967969894409,0.010114702,0.06378846,0.9260968
never trust earth networks again,negative,negative,0.8588762879371643,0.8588763,0.11873554,0.022388158
what happened to the elite version i paid for?,negative,negative,0.9450255632400513,0.94502556,0.042892866,0.012081534
lots of problems with the map,neutral,neutral,0.6798040270805359,0.22180201,0.679804,0.098393925
simple and easy to use,positive,positive,0.878391683101654,0.010535483,0.11107287,0.8783917
"enjoyed the app until the <url> then the ticker quit <url> the pop up ads in the ticker are annoying. when you get all that shut off in settings, it works great!",positive,positive,0.7230169773101807,0.01850692,0.25847608,0.723017
radar does not work. will not stay on my home city.,negative,negative,0.963371992111206,0.963372,0.022011977,0.014616018
it would be nice if it was in different languages.,neutral,positive,0.563838005065918,0.010507723,0.42565426,0.563838
some tools can be available and improved without having to open an account or sign in each time like with drive but in general is pretty useful and have good features also please create the bin icon instead of the <number> dots and once you choose a file you can't delete only if you go back,positive,positive,0.7947205305099487,0.009751043,0.19552842,0.79472053
"i love it! however, i do a lot of work on my phone and so i would like an option to run the app while using my phone, without it killing a tree!",positive,positive,0.8998138308525085,0.017983021,0.082203135,0.89981383
good app easy to use. the lens correction function doesn't seem to work though. but maybe i am unaware of how it's supposed to work.,positive,positive,0.8023620843887329,0.008150184,0.18948776,0.8023621
there should be feature by which we can see who saw my message in a group and who doesn't. like we have in what's app,positive,neutral,0.5016065239906311,0.012465223,0.5016065,0.48592827
"can we get this to, somehow, plant an actual tree? say, for a certain amount of trees grown succesfully a tree gets planted at some forest in need.",negative,neutral,0.589169442653656,0.07089076,0.58916944,0.33993983
contains alot of ads,positive,neutral,0.7317526936531067,0.14240028,0.7317527,0.12584703
can't search area,negative,negative,0.7876409888267517,0.787641,0.1936654,0.018693648
good app for team communications,positive,positive,0.8570310473442078,0.0078615025,0.1351074,0.85703105
stopped showing up in my status bar,neutral,negative,0.4817567765712738,0.48175678,0.43663,0.0816133
use it for studying,positive,positive,0.8988550901412964,0.011543073,0.08960182,0.8988551
too much ads i dont want uc news stop showing me ads to download uc news,negative,negative,0.8553400635719299,0.85534006,0.13079797,0.013861959
installed this app on my zt <number> tablet but wont work annoying!,negative,negative,0.9263153672218323,0.92631537,0.062983535,0.010701103
the tree does not die no matter which app i <url> i have tried every setting possible but it doesnot <url>,negative,negative,0.8818973898887634,0.8818974,0.093886346,0.024216268
i love  this app,positive,neutral,0.35283908247947693,0.3365138,0.35283908,0.3106472
need to have female and males,neutral,neutral,0.6467097401618958,0.2474099,0.64670974,0.10588036
add tick tick clock sound in it,positive,positive,0.7918775677680969,0.014115304,0.19400705,0.79187757
the radar won't work with samsung galaxy s <number> . so lame,negative,negative,0.9477437734603882,0.9477438,0.042253572,0.010002726
great app. and loads pdf docs faster than many other apps,positive,positive,0.9140148758888245,0.01693139,0.06905376,0.9140149
"fun app! wish i could draw some added details, but fun anyway.",positive,positive,0.8374326229095459,0.010443697,0.15212362,0.8374326
pretty cool app to have.,positive,positive,0.7795689105987549,0.009935764,0.21049534,0.7795689
"clumsy auto-import, but great overall",positive,neutral,0.606866180896759,0.028604059,0.6068662,0.3645298
useless without raw support,negative,negative,0.9653438329696655,0.96534383,0.023074012,0.011582158
tried to use it for my team at work but they just wanted to use the whatsapp groups they currently do which is basically the same thing.,neutral,neutral,0.6534541249275208,0.18631452,0.6534541,0.16023132
i think this a smart browser but opera mini fast then uc but good effort by devolpers,positive,neutral,0.5352250337600708,0.018114287,0.53522503,0.44666067
i am facing problem while using it needed to work on user interface its getting slow and hangs sometimes,neutral,neutral,0.6322796940803528,0.28374177,0.6322797,0.083978534
"it's an ok app, compared to whatsapp and line messenger",neutral,neutral,0.6758704781532288,0.01433939,0.6758705,0.30979016
"won't open any .pdf files on my tmo vibrant (bionix <number> . <number> ), useless.",negative,negative,0.9685161709785461,0.9685162,0.019337162,0.012146709
can you fix the quality of display picture,positive,neutral,0.5720083713531494,0.03271237,0.5720084,0.3952793
can't move app to sd card,neutral,neutral,0.7047417163848877,0.23888221,0.7047417,0.05637605
good app but more facilities we exprcted,neutral,neutral,0.6276438236236572,0.013723024,0.6276438,0.35863313
app works great. consider changing the red triangular notification to a solid red color in the notification bar in android. on my note <number> it appears as transparent in the notification bar at the top.,positive,positive,0.8558192849159241,0.018273467,0.12590726,0.8558193
plz update it it stick in the loading screen forever,negative,neutral,0.5624085664749146,0.33792502,0.56240857,0.09966649
i like it but i wish there were more things and i wish we could customize shirts and stuff,positive,positive,0.8398589491844177,0.00788036,0.15226068,0.83985895
my messages aren't going through to anyone. please fix immediately.,neutral,neutral,0.5989500284194946,0.34151104,0.59895,0.059538946
"i love it, but i'll select one to use and then it will show the new one sent, but a short time later, it will show that i resent an old one, not the one i just selected.",neutral,positive,0.7716902494430542,0.020780787,0.20752893,0.77169025
my radar has stopped working! i've never had a problem with it until today please fix!,negative,negative,0.9166633486747742,0.91666335,0.06857679,0.014759865
working properly for awhile and crashes later on,neutral,negative,0.470269113779068,0.4702691,0.4400852,0.089645654
"a well-crafted, simple app",positive,positive,0.9031295776367188,0.009736127,0.08713433,0.9031296
it was okay at the start and got me focussed but my phone's screen timed out and locked and then my tree withered. please fix this,negative,neutral,0.8068426251411438,0.04612269,0.8068426,0.14703465
it's pretty useful!,positive,positive,0.8619539141654968,0.007910481,0.13013555,0.8619539
why can my friends get the bitmojis with two people but i can't? frustrated.,neutral,neutral,0.7003730535507202,0.20907444,0.70037305,0.09055255
remove obscene quotes and gestures,negative,neutral,0.5395892262458801,0.3704717,0.5395892,0.08993911
pretty good. app wish it let you face scan yourself.,positive,positive,0.8254594802856445,0.007837946,0.16670263,0.8254595
very good but crashes often,neutral,positive,0.6339004039764404,0.016408313,0.3496913,0.6339004
"lacking lens correction and blur features, otherwise i'd love it. please consider adding these, otherwise i'll have to use photo mate r <number> , cause while it doesn't have blur feature's it has great lens correction features so i can get my chromatic aberration effect : <number>",positive,positive,0.5990245342254639,0.021449162,0.37952632,0.59902453
the animation stopped working please fix!,negative,negative,0.9111168384552002,0.91111684,0.07134357,0.017539524
goood one no one can see images unless u do hd,positive,negative,0.47992053627967834,0.47992054,0.45928052,0.060798947
the app lags and consume lots of space.,negative,neutral,0.5723603367805481,0.35864437,0.57236034,0.06899524
"great app, using for an <url> but, could it be upgraded with the feature 'desktop mode' ?",positive,positive,0.8154105544090271,0.013322228,0.17126721,0.81541055
it was good before,neutral,neutral,0.5962339639663696,0.27850366,0.59623396,0.12526229
i like the old spark better it was more accurate cuz it told you exactly how many miles away the lightning was now you gotta zoom in on the map just to see in a round about ways of where the lightning <url>,neutral,positive,0.6120358109474182,0.016720178,0.371244,0.6120358
"i really like it, but for a while now it hasn't been making my tree die when i touch my phone. also, after completing a set amount of time there's another number underneath my tree. i can't figure out what this means.",positive,positive,0.627729594707489,0.018834654,0.3534358,0.6277296
annoying buttons below the chat text box.,neutral,neutral,0.7215108871459961,0.17092843,0.7215109,0.10756072
i like this app for esuy to watch movie,positive,positive,0.8833996653556824,0.008908892,0.107691415,0.88339967
"aaa please tell me why it doesnt show my cherry blossom <url> i just unlocked it with <number> coins, and i cant find it to grow it. arghh its frustrating.",neutral,neutral,0.5045367479324341,0.455727,0.50453675,0.039736256
needs to save where you last left off thats all it needs <number> stars when it updates,neutral,neutral,0.6693400144577026,0.20605421,0.66934,0.12460581
the app draws the mobile addict in you and plays with his/her psyche.,positive,positive,0.714260995388031,0.05948602,0.22625303,0.714261
it is helpful for fast downloading,positive,positive,0.8427473902702332,0.0071609206,0.15009165,0.8427474
hard to access emojis/sticker,positive,negative,0.8136446475982666,0.81364465,0.16401401,0.022341294
why this app has become so big? earlier it used to be only <number> mbs now its <number> . please reduce the size. <signature>,neutral,neutral,0.6564273238182068,0.22936083,0.6564273,0.11421191
directions make no sense,negative,negative,0.5398344397544861,0.53983444,0.40989286,0.050272748
great app for photography but,neutral,neutral,0.5251529216766357,0.026118746,0.5251529,0.4487283
why can't they fix these issues,neutral,neutral,0.49677151441574097,0.41496632,0.4967715,0.08826218
not working with whats app,negative,negative,0.9043017029762268,0.9043017,0.07951891,0.016179401
you have to put the search option in the app,positive,neutral,0.6001675724983215,0.22346191,0.6001676,0.17637053
"its very usefull, also good <url> !!!",positive,positive,0.9032385945320129,0.0076509975,0.08911041,0.9032386
"its good. but the problem is whenever i charge my phone, and the forest app has been running, the moment the charging the moment the tree died. and i do not get a single coin. lol is not my fault that the tree died, but what i got-o coins and a dead tree.",neutral,neutral,0.8204430937767029,0.031219812,0.8204431,0.14833717
tel me what to do,positive,neutral,0.6166294813156128,0.24388999,0.6166295,0.13948052
some websites say i don't have adobe even though i have this loaded.,neutral,neutral,0.5479389429092407,0.37850094,0.54793894,0.07356016
it is easy to find your distination but there is always a less price,neutral,neutral,0.6183820962905884,0.01776889,0.6183821,0.36384904
i havent many friends here,positive,negative,0.5414542555809021,0.54145426,0.42483035,0.0337154
"would like updates on the sun over a <number> hour loop, as well as wind maps, water temps. but one of the <signature>",positive,positive,0.8225370645523071,0.008884179,0.16857876,0.82253706
where are the local adjustments?,positive,neutral,0.7065664529800415,0.12451484,0.70656645,0.1689187
very easy to <url>,neutral,positive,0.9035929441452026,0.011338761,0.08506829,0.90359294
easy to use very good deal.,positive,positive,0.910298764705658,0.009483943,0.08021731,0.91029876
this app doesnt want to sign me up,neutral,negative,0.9675544500350952,0.96755445,0.02217937,0.010266221
always showing install even it has already installed,positive,neutral,0.5103675127029419,0.24884859,0.5103675,0.2407839
the zooming feature is slow and consequently difficult to use.,neutral,neutral,0.7393456697463989,0.19156776,0.73934567,0.06908651
great tool for on the go!,positive,positive,0.9232752919197083,0.010941059,0.06578369,0.9232753
raw format not supported,neutral,neutral,0.6795186400413513,0.24832541,0.67951864,0.07215597
"it's a cool thing to have, but it won't sync up with the mozilla addon",positive,neutral,0.7582747936248779,0.020698855,0.7582748,0.22102639
great app but keeps crashing,neutral,neutral,0.5898104906082153,0.20197244,0.5898105,0.20821705
"bbm is good ,hate the adverts",positive,neutral,0.6743253469467163,0.090330146,0.67432535,0.2353445
how about a tablet ui?,neutral,neutral,0.6661167144775391,0.054730777,0.6661167,0.27915257
prefer the website more,neutral,neutral,0.5614994764328003,0.07506765,0.5614995,0.36343288
"good design. hope the plant real trees is a true story! also, why the highest ranking people are mostly asian? should expand your customers",positive,positive,0.8323081135749817,0.007907642,0.1597842,0.8323081
"i am not disappointed, but pixlr is still a way better software.",neutral,neutral,0.7580770254135132,0.11530843,0.758077,0.12661453
"i love playing with bitmojis. the clothes in the personalization could use some updating, though. very little are things i'd ever actually wear. it would also be nice to add friends directly on the app to interact with their own bitmojis outside of snapchat.",positive,positive,0.9118662476539612,0.009989556,0.078144215,0.91186625
i love it. i just wish i could delete images that i find offensive and would never use.,positive,positive,0.8188844323158264,0.05239059,0.12872499,0.81888443
i think in the new update they let you color customize any hair style and let you put cuts in your eyebrows.,positive,positive,0.8698648810386658,0.019191427,0.11094374,0.8698649
automatically resizes with no way to change!!,negative,negative,0.9156113862991333,0.9156114,0.063724644,0.02066399
don't like the new update,positive,neutral,0.5885235071182251,0.33517566,0.5885235,0.07630087
i like my bbm now . <signature>,positive,positive,0.8589975833892822,0.012246827,0.12875555,0.8589976
no more trees since update. just shrubs :'(,positive,neutral,0.7406516075134277,0.17361222,0.7406516,0.08573623
would not updated on my phone and i tried like <number> times,negative,negative,0.6181972622871399,0.61819726,0.3388942,0.04290853
"needs more body shapes and sizes, as well as face lines around nose/cheeks",positive,neutral,0.6254260540008545,0.023571864,0.62542605,0.35100204
took away floating head in txt,negative,negative,0.8172513842582703,0.8172514,0.15274969,0.029999027
stopped working on my phone since the last update. will bring rating up when the problem is fixed.,negative,negative,0.7211605906486511,0.7211606,0.2529809,0.025858454
works well. most of my pdf files require me to enter a username and password. this app will not allow me to. any chance of adding that?,neutral,neutral,0.6274374127388,0.019678866,0.6274374,0.35288373
"it's <url> ,add select area <url> mean make selection by <url>",neutral,neutral,0.5564559102058411,0.033483732,0.5564559,0.41006038
app doesn't always work. temp won't show in n status bar. doesn't keep track of moving locations,neutral,negative,0.834027886390686,0.8340279,0.15323654,0.012735635
i hate this update,negative,negative,0.9610834121704102,0.9610834,0.02873328,0.0101833325
new updates are beyond worse,negative,neutral,0.44416049122810364,0.42483884,0.4441605,0.13100065
where is wbug elite i paid for???,negative,negative,0.942658543586731,0.94265854,0.047042213,0.0102993045
make the time lapse between editing each feature shorter,positive,neutral,0.7816121578216553,0.06361083,0.78161216,0.15477693
add one more feature,positive,positive,0.691201388835907,0.013983453,0.29481518,0.6912014
the app was useful but avg virus scanner said it contains malware so i'm uninstalling to be safe,negative,neutral,0.7549733519554138,0.10308504,0.75497335,0.14194159
i couldn't open it.,negative,negative,0.9657236933708191,0.9657237,0.021829393,0.0124469055
i think that uc is very nice,neutral,positive,0.7344568371772766,0.01018424,0.25535896,0.73445684
mis the original bbm,negative,neutral,0.5297093391418457,0.37139025,0.52970934,0.09890039
new ui tanks usability,negative,positive,0.531536340713501,0.06644311,0.40202054,0.53153634
this app is so good,positive,neutral,0.5230961441993713,0.024624167,0.52309614,0.4522797
doesn't work on my htc droid eris!! can't open pdf attached emails. uninstalling!!,negative,negative,0.9681962132453918,0.9681962,0.022125669,0.009678172
it's very good app for android mobile s,positive,positive,0.901698648929596,0.009254697,0.08904663,0.90169865
temp is all wrong,neutral,negative,0.9245665669441223,0.92456657,0.05729628,0.018137144
id's easy to use and very helpful,positive,positive,0.9033985137939453,0.007460917,0.08914054,0.9033985
"it seems everytime we're about to get severe weather, the app stops working. radar doesn't work, storm tracking doesn't <url> most critical time for something to work is during or before a storm, such as we're supposed to get today. this app works great on bright, sunny <url> 't depend on it if a storm is brewing though. it will quit working on you.",neutral,neutral,0.6846811771392822,0.23327023,0.6846812,0.08204856
i guess its just the world i live in???,negative,neutral,0.632310152053833,0.051946502,0.63231015,0.31574336
just an idea. when editing/creating my bitmoji i think it'd be neat to have the option to mix and match parts of different outfits together or even change colours of parts.,positive,positive,0.5751685500144958,0.02343715,0.4013943,0.57516855
app is good. no weather forecast is <url> very vague predictions.,positive,neutral,0.7397712469100952,0.019054431,0.73977125,0.2411743
cannot attach pictures to reviews,neutral,neutral,0.6239234209060669,0.32548437,0.6239234,0.05059224
great weather app! easy to use and quick to load. only wish it was easy to find a forecast video on it.,positive,positive,0.9231714606285095,0.0092462525,0.06758234,0.92317146
issue on local wifi,neutral,neutral,0.6213328838348389,0.26411188,0.6213329,0.11455525
i dont like this app,negative,negative,0.9157187342643738,0.91571873,0.06954428,0.014736973
on the right track,positive,neutral,0.5620695352554321,0.06698148,0.56206954,0.370949
best app for browsing,positive,positive,0.9101092219352722,0.009194346,0.080696374,0.9101092
needs a dark mode for the notification bar. hate the bright white glaring at me.,positive,neutral,0.7841470241546631,0.09979175,0.784147,0.11606122
"good app, but it doesn't support gif in android",positive,neutral,0.8386222124099731,0.04031862,0.8386222,0.12105919
<salutation> i tried to sign in and i gave my email and password and from u a email also came but what next to <url> tried to click check again and continue but nothing happened,positive,negative,0.8291705250740051,0.8291705,0.14246076,0.028368639
been using for several months now as a communication tool for various members of a nonprofit organization. it's only downfall that i can see are the occasional missed update alert and that there is no notification badge on the icon.,positive,positive,0.7614143490791321,0.02788708,0.21069857,0.76141435
works for what i need,positive,positive,0.9033598899841309,0.017788367,0.0788518,0.9033599
it's saying it's not up to date so i can't view my file. -htc evo,neutral,neutral,0.7845509052276611,0.11771432,0.7845509,0.09773482
when you know how to use it it's pretty fun and useful same with adobe photoshop touch i have a ton of fun with that but you just have to know how to use it or it will not be fun that's why people are reading it for star i read it <number> stars i love it but only because i know how to use it,positive,positive,0.8035759925842285,0.012222014,0.18420194,0.803576
best app ever ( my opinion),negative,positive,0.8946442008018494,0.018997429,0.08635835,0.8946442
doesn't tie your account to gmail - so every new phone (or reflash) you have to retype <url>,negative,negative,0.827049732208252,0.82704973,0.15874377,0.014206542
great application for team collaboration,positive,positive,0.928097128868103,0.0113007855,0.060602114,0.9280971
"crash easily,make my phone <url> its a great <url> u!",positive,neutral,0.48971909284591675,0.07874525,0.4897191,0.4315356
the menu bar above keyboard is annoying,positive,neutral,0.7128796577453613,0.16224167,0.71287966,0.12487869
it's an essential tool.,positive,positive,0.9235026836395264,0.011065894,0.06543142,0.9235027
this bbm doesnt work properly with the samsung notebook <number> . it is always showing limited bbm access. pls fix this,neutral,negative,0.8497989773750305,0.849799,0.12714045,0.023060557
"unless i open the app, i get no notifications even when my name is mentioned",negative,negative,0.8675481081008911,0.8675481,0.11256608,0.019885879
it's good app but need more apps related chat process,positive,neutral,0.531359076499939,0.012782648,0.5313591,0.45585826
"doesn't open all pdfs. i do a lot of work dealing with architectural plans. this does not render all of the pdfs (some open fine, others open blank).",negative,negative,0.7492385506629944,0.74923855,0.23121645,0.01954507
quick way to book a motel when you need too,neutral,positive,0.7459470629692078,0.012356392,0.24169658,0.74594706
can get out of the app by home button and use your <url> timer runs in the <url>,neutral,neutral,0.7375497221946716,0.12927078,0.7375497,0.13317955
"honestly a joke compared to the desktop version of lightroom. i have one of the most powerful phones in existence and this app can't even scroll without lagging. i reinstalled today, <number> months later to find not only has nothing changed but my trial has expired and i now need to pay to use a laggy gimped version of software i already own.",negative,negative,0.8509441018104553,0.8509441,0.12598914,0.023066789
better for <url> !!!! you will try <url> !!!!,neutral,neutral,0.6450910568237305,0.15494573,0.64509106,0.19996321
backup feature was awesome,positive,positive,0.4912760853767395,0.11480201,0.39392182,0.4912761
amazing to use this one like superb,positive,positive,0.914125919342041,0.014028184,0.07184595,0.9141259
i can't post on any website.,neutral,negative,0.7699241042137146,0.7699241,0.21102689,0.019048989
want some other features,neutral,neutral,0.6608947515487671,0.01872358,0.66089475,0.32038167
this app is not user friendly,neutral,negative,0.8553853034973145,0.8553853,0.11843087,0.026183816
force closes <number> / <number> !,negative,negative,0.8265188336372375,0.82651883,0.11728693,0.056194242
what a waste of this apps effort the image meta data are always show false info when export image to gallery,negative,negative,0.9594134092330933,0.9594134,0.029973887,0.010612716
it's a nic app n helpful <url>,positive,positive,0.7501534223556519,0.011137575,0.23870897,0.7501534
how to change time ??,neutral,neutral,0.6164945363998413,0.19461326,0.61649454,0.18889225
it's ok but this new version is not so impressive,neutral,neutral,0.7940171957015991,0.019681688,0.7940172,0.18630116
this is a good movie downloader,positive,positive,0.8435821533203125,0.009576245,0.14684156,0.84358215
want my old avatar can't find it,negative,negative,0.8748427033424377,0.8748427,0.11313406,0.012023157
best of pdf file app,positive,positive,0.8742226958274841,0.024482429,0.101294935,0.8742227
i would have gave <number> stars if y'all had more cute outfits for the girls to wear that is seasonal appropriate,positive,positive,0.777680516242981,0.022378067,0.1999414,0.7776805
was ok but i can easily use other apps when i press home,negative,neutral,0.8032177686691284,0.045695886,0.80321777,0.1510863
"useless. can't log in using the app at all. deleted and reinstalled several times, still no luck.",negative,negative,0.968193769454956,0.96819377,0.020378044,0.011428221
"easy to use, but if i plant a tree to grow and then leave the app it doesn't die. don't know if that's a bug in the app, but knowibg it won't die once i exit the app gives me no reason to stay focused",positive,neutral,0.8146327137947083,0.066442594,0.8146327,0.118924625
cuts down on paper usage.,positive,negative,0.5497403144836426,0.5497403,0.387653,0.0626067
<salutation> then dropped it. and now the radar animation doesn't work.,negative,negative,0.9708291888237,0.9708292,0.01995659,0.009214217
"good idea, but too slow on android. much better on desktop.",negative,neutral,0.7919493913650513,0.08042866,0.7919494,0.12762193
"like everything about it, except that the radar animation is a little clunky.",positive,neutral,0.508132815361023,0.01946638,0.5081328,0.47240087
it's the king when it comes on downloading from internet i really appreciate it,positive,positive,0.8304327130317688,0.03034424,0.13922298,0.8304327
"i'm using uc browser from many years and its was amazing but from the last update i got, it get <url> everytime i open new site, it shows an error everytime. please fix this.",neutral,neutral,0.6440632343292236,0.28551468,0.64406323,0.07042207
cant install this app on my s <number> . error cant install in default location,negative,negative,0.9696125984191895,0.9696126,0.02123641,0.009151008
needs to include precipitation estimates,neutral,neutral,0.7734079957008362,0.04389761,0.773408,0.18269445
new version is a step back,negative,neutral,0.44424983859062195,0.23398447,0.44424984,0.3217656
great but watch little bug,neutral,positive,0.8673307299613953,0.010828935,0.121840335,0.86733073
i love this app.,positive,positive,0.4127115309238434,0.27248362,0.31480488,0.41271153
"love the idea, and as long as i didn't touch my phone notifications and such didn't ruin my progress. however if i try to exit out of the app (to use whitelisted apps like my calculator) then it 'killed' my trees.",neutral,positive,0.5143635869026184,0.051065627,0.4345708,0.5143636
"my mom found this before i did! i'm <number> and even i like it. lol great for all ages. you can make it look just like you to every detail, many clothes and accessory choices, and when you want to send a text to somebody they basically have everything you might want to say to somebody in a text or to reply back to somebody in a text message. plus cute little emojis of yourself doing things.",positive,positive,0.9224153757095337,0.010250979,0.06733366,0.9224154
ads ads ads everywhere,neutral,negative,0.9323980212211609,0.932398,0.05500839,0.012593611
has gotten a bit better since last review. i really like the lightning strike display. helps me with my lightning photos,neutral,positive,0.9034839272499084,0.008875481,0.08764061,0.9034839
i really enjoy it,positive,positive,0.8278583288192749,0.021728687,0.15041302,0.8278583
i rely on accurate radar as i work outside everyday on a golf course. the daily and the hourly forecast constantly contradict each other though now and it's hard to figure out what the actual weather will be so i can only really rely on radar.,positive,neutral,0.5983783006668091,0.09986799,0.5983783,0.30175373
"i enjoyed it, but the app deleted all of my purchases, such as trees and sounds",neutral,neutral,0.4871850311756134,0.03659717,0.48718503,0.4762178
so far it's good,positive,positive,0.5805371403694153,0.009368356,0.41009453,0.58053714
would like some custom messages when trees are planted,positive,positive,0.7037950754165649,0.010663383,0.28554153,0.7037951
used to be good,negative,negative,0.8570586442947388,0.85705864,0.12325022,0.019691143
make category select bradcast message!,neutral,neutral,0.49757176637649536,0.08060133,0.49757177,0.421827
causes allot of problems will change dates etc when making a booking. prob better off staying with web page.,negative,neutral,0.7249064445495605,0.18082227,0.72490644,0.09427128
reflow feature quirky. can't somehow help feeling suspicious it is bugridden inside.,negative,neutral,0.7682952880859375,0.1554582,0.7682953,0.07624654
i don't <url> i can't understand this appp,neutral,negative,0.9383729100227356,0.9383729,0.05178045,0.009846573
crashes on galaxy s,negative,negative,0.7599722146987915,0.7599722,0.1895747,0.050453115
force closes all the time. from a company with a good to great rep. i had expected better,negative,negative,0.8368000388145447,0.83680004,0.13255352,0.030646449
great <url> ruined with ads,neutral,negative,0.6500080227851868,0.650008,0.2257903,0.12420163
worst experience at hotel,negative,negative,0.963111400604248,0.9631114,0.024696596,0.012191942
heating and battery problem,neutral,neutral,0.49050071835517883,0.43914247,0.49050072,0.07035684
fed up with advertisements. oh my gosh. cannot tolerate this application anymore,negative,negative,0.8906741738319397,0.8906742,0.093858466,0.015467371
this is the fastest app searching mode,positive,positive,0.8132925629615784,0.023352064,0.16335532,0.81329256
"nice app for managing ongoing projects, teams, groups.",positive,positive,0.9274493455886841,0.009004214,0.063546404,0.92744935
is not allways up to date with current weather.,positive,neutral,0.8150166869163513,0.07766408,0.8150167,0.10731924
realy superrrr <url> saver app,positive,neutral,0.46507003903388977,0.40536812,0.46507004,0.12956181
<number> day trial? and then creative cloud?,negative,negative,0.7991495132446289,0.7991495,0.15048781,0.050362665
the print button keeps shutting itself down,positive,neutral,0.49736979603767395,0.42652744,0.4973698,0.076102704
average performance in download,neutral,neutral,0.659026026725769,0.2580675,0.659026,0.08290647
animation on radar stopped,negative,negative,0.9338894486427307,0.93388945,0.05039908,0.015711477
"so far so good. surfing is made enjoyably interesting, thumb ups.",positive,positive,0.8631365895271301,0.007117201,0.12974623,0.8631366
bbm sucks on my galaxy s <number> mini .,negative,negative,0.9461160898208618,0.9461161,0.042954423,0.010929509
what did i download?,negative,negative,0.765332043170929,0.76533204,0.20248,0.032188002
my favourite editing apl,positive,positive,0.7956230640411377,0.033471107,0.17090584,0.79562306
so easy to use and appropriate advice,positive,positive,0.9187572002410889,0.008744672,0.072498135,0.9187572
doesn't work properly.,negative,negative,0.9431260228157043,0.943126,0.042994052,0.013879948
"generally good, sometimes price filter doesn't work well.",positive,positive,0.7235925793647766,0.009448137,0.26695928,0.7235926
love this app pretty accurate,positive,positive,0.8577514886856079,0.037258685,0.10498983,0.8577515
as much as <number> degrees off!,negative,negative,0.43286269903182983,0.4328627,0.43021917,0.13691814
used to be good,negative,negative,0.8570585250854492,0.8570585,0.12325021,0.01969115
"this app helps me be productive, but since the update, i can't plant the trees i had previously bought.",positive,positive,0.5185694098472595,0.015409931,0.4660206,0.5185694
dell streak:force close sometimes. blank pages sometimes. need bookmark feature and ability to continue from last read page.,neutral,neutral,0.765379011631012,0.16324188,0.765379,0.0713792
"if your in a hurry, i'd recomed calling, it takes a wile to fill out the information.",neutral,neutral,0.7595536708831787,0.063026614,0.7595537,0.17741975
good but not good as web version,positive,neutral,0.7847607135772705,0.042345345,0.7847607,0.17289388
problems working over wi-fi,negative,neutral,0.5358635783195496,0.39993328,0.5358636,0.064203165
it's ads all the way,negative,negative,0.7128281593322754,0.71282816,0.2599333,0.027238566
no password support <url>,negative,negative,0.6908890604972839,0.69088906,0.27024361,0.038867272
"good, but not perfect",neutral,neutral,0.7700940370559692,0.03128416,0.77009404,0.19862187
i wish it would work offline,positive,neutral,0.7063742280006409,0.046819977,0.7063742,0.24680574
cloud based apps do not work for me. with pathetic network services in our region it becomes frustrating to use. pity. will have to uninstall,negative,negative,0.9618475437164307,0.96184754,0.029281385,0.008871125
"so disappointed with this app! why would you delete an entire account without any warnings? see i'm not mad that you deleted my account because i had iran's ip address, i'm mad because you didn't even bothered to give me a chance to take back up of my files! do you understand how unprofessional this is? so disappointed!",negative,negative,0.9555517435073853,0.95555174,0.03522733,0.009220957
this app is good,positive,positive,0.7702628970146179,0.013906425,0.21583065,0.7702629
"slow, laggy performance. thinkfree office opens my pdfs and allows smooth transitions and zooming.",negative,neutral,0.7651492357254028,0.1686692,0.76514924,0.06618165
since the update the radar doesn't work <url>,negative,negative,0.923819899559021,0.9238199,0.06369463,0.012485438
"like the app, but could you please remove the external storage permission when i want to take a picture? i don't like granting apps dangerous permissions and i know you don't need it if you use the file provider api. <signature>",negative,neutral,0.6002708673477173,0.029732086,0.60027087,0.36999708
there is no print option i can find.,neutral,neutral,0.6765398383140564,0.2777735,0.67653984,0.045686714
<url> the picture size on bbm group is too small sometime not clear. also incoming bbm call is not detected or not showed in galaxy gear s <number>,positive,neutral,0.7294048070907593,0.15823472,0.7294048,0.11236043
got stuck on trying to confirm my booking and i lost the accommodation. after that force crash. uninstall. htc desire,negative,negative,0.9509570598602295,0.95095706,0.039747868,0.009295121
please fix the radar,negative,neutral,0.5617717504501343,0.3448201,0.56177175,0.09340822
"good adjustment, bad storage",neutral,neutral,0.7695893049240112,0.0330882,0.7695893,0.19732253
coming from adobe this is absolute garbage. fails to open pdf files. it was only <number> kb. garbage.,negative,negative,0.9697166085243225,0.9697166,0.01987789,0.010405525
after i updated the new bbm version always getting <url> sometime the messages pending without ceklis my friend send in the morning but the messages coming after <number> or <number> hour <url> i saw on the messages the time when he send me a messages and this made my planning <url> should i didn't upgraded <url>,negative,neutral,0.6698150038719177,0.16989927,0.669815,0.16028573
new update ruined the app,negative,negative,0.9614205956459045,0.9614206,0.025849978,0.012729393
a widget would be nice,positive,neutral,0.669994056224823,0.022177916,0.66999406,0.30782804
there are ads now?,neutral,negative,0.8874906897544861,0.8874907,0.09722515,0.015284167
difficult when on vacation,positive,neutral,0.7389920353889465,0.07562916,0.73899204,0.18537883
notifications are bonkers. (will give <number> once fixed),negative,neutral,0.53216952085495,0.3883758,0.5321695,0.07945466
can't add new locations,neutral,neutral,0.7350583672523499,0.17205678,0.73505837,0.092884906
nice tool for inter-team communication,positive,positive,0.9193284511566162,0.0086497925,0.07202182,0.91932845
it's download video very fast and all other thing,positive,positive,0.9126553535461426,0.010797176,0.07654741,0.91265535
"veru useful app only when used with its <number> rd-party integrations, yet flock is much better alternative for having more free features.",positive,neutral,0.612606406211853,0.03211364,0.6126064,0.35527992
doesn't <url> i'll go on other apps and the tree still <url> little i inventive to actually stay off the phone,negative,negative,0.7613739371299744,0.76137394,0.21961434,0.019011717
"when ever i update app,it won't work and i lost my all data many times",negative,negative,0.9415122866630554,0.9415123,0.04825709,0.010230579
doesn't work much! where's the <number> version???,negative,negative,0.8965617418289185,0.89656174,0.09227405,0.011164255
nice app fast downloading,positive,positive,0.8852086663246155,0.007589664,0.10720173,0.88520867
"the app is great, it's fun and helpful, tho when you click the home button, it doesn't die. you could fix that",positive,positive,0.9039366245269775,0.010430922,0.085632466,0.9039366
"easy to use, always <url> when you book thrue them, they will charge you too much.",neutral,positive,0.8948414325714111,0.010650697,0.09450786,0.89484143
there is no jump to page option so you have to flip through every single page! its a big waste of time.,negative,negative,0.9638747572898865,0.96387476,0.025053486,0.011071717
great and easy to use,positive,positive,0.9200119376182556,0.016087089,0.063901,0.92001194
"cloud subscription, no <signature>",negative,negative,0.9529148936271667,0.9529149,0.03458889,0.0124961855
great app to focus!,positive,positive,0.8943475484848022,0.024841601,0.08081086,0.89434755
pay when you arrive. err no,neutral,negative,0.7082847952842712,0.7082848,0.26087448,0.03084074
great apps for great team,positive,positive,0.9211326837539673,0.012487104,0.06638025,0.9211327
i like the appl because it connect me to a lot of people in my office,positive,positive,0.8691458106040955,0.01033288,0.12052128,0.8691458
can't open my bbm after updated,negative,negative,0.9586844444274902,0.95868444,0.028367685,0.012947764
cannot use for flash <url>,neutral,negative,0.622967004776001,0.622967,0.3396912,0.037341837
won't work with my text messages and have to start a new conversation to use it in messenger,neutral,negative,0.9414686560630798,0.94146866,0.04947654,0.009054853
it crashes every time,positive,negative,0.8584169149398804,0.8584169,0.1143993,0.027183821
great app for group family communication across multiple types of devices and countries,positive,positive,0.9334006309509277,0.0108967405,0.05570254,0.93340063
it was great radar sucks now,negative,negative,0.9654032588005066,0.96540326,0.025177337,0.009419369
missing a tablet version,neutral,neutral,0.746722400188446,0.1169231,0.7467224,0.13635443
the browser is used very fast connecting browser,positive,positive,0.6723918914794922,0.04809389,0.2795142,0.6723919
i want a etc wallet that's all i want to invest <url>,negative,neutral,0.5547466278076172,0.16664323,0.5547466,0.27861014
not so much but good,positive,neutral,0.7579469084739685,0.025502026,0.7579469,0.21655096
well the app is kinda <url>,positive,neutral,0.5394763350486755,0.040378504,0.53947634,0.42014518
the program is very slow and can be unresponsive. there is no bookmake setting. pages take a very long time to load even when zooming in and out.,negative,neutral,0.7940657734870911,0.14107014,0.7940658,0.064864084
totally invasive and inappropriate for development. it kept people talking for every detail for hours. kill innovation and efficiency. cannot replace skype so another chat cheater. a waist of time in communication. one good point if you can make your competitors to use it. they will collapse.,negative,negative,0.9494146108627319,0.9494146,0.03860445,0.011980894
i love it. but i think it would be better to add angle correction as well is needed sometimes and i don't like having to use other apps to do this.,neutral,positive,0.8826857209205627,0.0142580895,0.103056245,0.8826857
the emoticon not <url> :'(,neutral,neutral,0.5961135625839233,0.29353705,0.59611356,0.11034938
good app. had full version but they took it away. would like it back. radar not working. layers are not working. must be a weather bug.,neutral,neutral,0.6147361397743225,0.30896378,0.61473614,0.07630013
can't import my booking? what's the point of getting this app? anyone?,negative,negative,0.9568126201629639,0.9568126,0.03570679,0.0074805436
"the app sometimes gets stuck on a certain temperature and you have to actually click on the app to get the correct temperature to pop up, but at least with this app i can actually get the <number> -day and hourly forecast pages to load which is something i can't get with accuweather. so i guess what i'm saying is it's probably the <signature>",positive,neutral,0.535611629486084,0.029201403,0.5356116,0.43518698
"great, but occasionally crashes",positive,positive,0.6597930192947388,0.03420706,0.3059999,0.659793
"crap, takes ages to loads and lags on all docs, standard pdf viewer much better",negative,negative,0.9646167159080505,0.9646167,0.024842594,0.010540647
it stops working frequently,neutral,negative,0.4952895939350128,0.4952896,0.42689264,0.077817746
like it more than most weather apps i've tried. would recommend!,positive,positive,0.897591769695282,0.009548738,0.09285951,0.89759177
stupid trees. too much green. too cute. memory hog. deleted it.,negative,negative,0.9611652493476868,0.96116525,0.029488707,0.009346081
plz add readout loud feature in application,positive,neutral,0.5982000827789307,0.11686944,0.5982001,0.28493044
"give error, stuck onopening",negative,negative,0.7367244958877563,0.7367245,0.2310711,0.03220439
the radar map only shows past not current,neutral,negative,0.8529180884361267,0.8529181,0.123409234,0.02367262
"the worst, the most bugged app that i've ever seen in my life! always crashing for no reason!",negative,negative,0.9664883017539978,0.9664883,0.02124458,0.012267157
this does not work with my phone i exited the app for ages and my tree still grew.,negative,negative,0.9669250845909119,0.9669251,0.022382693,0.010692218
the application is too slow. sometimes it just wont select the options.,neutral,neutral,0.8167192339897156,0.07795925,0.81671923,0.10532154
useless doesn't open email attachments on lg optimus,negative,negative,0.969093382358551,0.9690934,0.021613607,0.009293066
its a very good app,positive,positive,0.8889041543006897,0.008189937,0.1029059,0.88890415
good up to date service,neutral,positive,0.7305848598480225,0.009870827,0.25954437,0.73058486
luv it but u should allow us <number> make more than one character then i'll give u <number>  's,neutral,neutral,0.6987245678901672,0.026922205,0.69872457,0.2743532
"app does what it has to do, but would it be possible to implement a harder way to cancel the growth of your tree? now it takes about <number> seconds. you could make another cancel button which you have to press for <number> minute without releasing it to unlock your phone. gives you time to think if you really need to unlock it. <signature>",neutral,neutral,0.7242016196250916,0.055386577,0.7242016,0.22041184
need full raw hdr for lg v <number> !!!,neutral,neutral,0.7389792799949646,0.09917213,0.7389793,0.16184857
it wont even let me log in!!!,negative,negative,0.968309223651886,0.9683092,0.020100633,0.01159017
wouldn't search any locations.,negative,negative,0.9397702217102051,0.9397702,0.05079928,0.009430506
new version is not intuitive.,negative,neutral,0.639019787311554,0.26991382,0.6390198,0.09106634
image previews don't work,positive,negative,0.7984536290168762,0.7984536,0.18281904,0.018727401
"its great, just too many ads",positive,positive,0.8580970168113708,0.030330695,0.1115723,0.858097
radar has stopped working,negative,negative,0.9408251643180847,0.94082516,0.04671637,0.0124584
has been treating me well for years,positive,positive,0.763832151889801,0.029913351,0.2062545,0.76383215
animated radar not working,negative,negative,0.9326530694961548,0.93265307,0.051122595,0.016224446
problems with internet connection s <number> edge,neutral,neutral,0.5601125359535217,0.34932333,0.56011254,0.090564154
"another login and account needed, mediocre editing",negative,neutral,0.5535206198692322,0.3888297,0.5535206,0.057649653
i need a tab for news language i don't want it to be default for the place i live in my native language may be different. please look into it,positive,neutral,0.6343845129013062,0.04066773,0.6343845,0.32494777
"idea is nice, <url>",neutral,neutral,0.7126395106315613,0.032171667,0.7126395,0.2551889
useless and hang in itself,negative,negative,0.9651835560798645,0.96518356,0.022808272,0.012008242
lagging on nvidia shield tablet,neutral,neutral,0.713605523109436,0.18491504,0.7136055,0.10147935
less taps &gt; more taps is not always true! this update clutters up the mobile app and looks horrible! bring back the drop down menu.,positive,negative,0.9509664177894592,0.9509664,0.036815897,0.012217674
great mobile app for a great platform,positive,positive,0.9184340238571167,0.013800428,0.06776556,0.918434
easiest way to keep all my accommodation details with me when i travel.,positive,positive,0.8560965061187744,0.00866467,0.13523878,0.8560965
"there is no way to search or jump to the pages i want. so, in a <number> page document, i have to page down until i get to where i want. very poor!",neutral,negative,0.9629944562911987,0.96299446,0.023436196,0.013569309
crashes on z <number> compact,neutral,negative,0.6215018630027771,0.62150186,0.28501493,0.09348319
"can't delete any of the pdf files! someone ,help mytouch <number> g",neutral,neutral,0.5704904794692993,0.06960274,0.5704905,0.35990676
somethings wrong with this app,positive,negative,0.9014092087745667,0.9014092,0.080456525,0.018134197
well organized app. offers better deals than the hotel itself.,positive,positive,0.9253125786781311,0.009001804,0.06568567,0.9253126
faster than other app,positive,positive,0.6660370826721191,0.036853682,0.29710925,0.6660371
"decent, but needs ability to define custom notification sound. the built-in ones are too quiet and the 'device default' is too general.",positive,neutral,0.6349058151245117,0.017807476,0.6349058,0.3472867
"if you have difficulties staying focussed, then this is definitely the app for you. as trivial as it sounds, there's a real sense of satisfaction in seeing your forest grow the more time you log. the only thing i would say which could be added is social email support or facebook integration, which i believe is already a feature on the ios version. some of my friends are using it too, and seeing their forests grow (perhaps even on some kind of map next to mine?) would add an element of healthy competition!",positive,positive,0.8121166825294495,0.014353875,0.1735295,0.8121167
would be better with out ads,positive,neutral,0.7258229851722717,0.029657949,0.725823,0.24451908
<number> star 'coz why we have to request hd quality picture first? oh <url> nobody need bad quality picture. washing <url> another chat app more better !!,neutral,neutral,0.6123160123825073,0.23214807,0.612316,0.155536
"my screen goes off, but when i unlock my phone, my tree dies. makes the app pointless as it forces me to keep the screen on which is distracting. great concept though.",neutral,neutral,0.6510092616081238,0.27476346,0.65100926,0.074227326
it will be better if the apps allow users to listen music while studying or doing their things,positive,neutral,0.502815306186676,0.011728076,0.5028153,0.48545656
the app is free on android but why can't i use my new unlocked tree?!,negative,neutral,0.6953277587890625,0.18475814,0.69532776,0.119914114
"not ideal, but better than a few other ""freeware"" options there with lots of adds or crappy ui.",positive,neutral,0.7873798608779907,0.030967845,0.78737986,0.18165232
add break or pause option plz,positive,neutral,0.5438761115074158,0.021384066,0.5438761,0.43473983
good effort <url> try to send correct notification of the news or story.,positive,positive,0.8149231672286987,0.0096729025,0.17540394,0.81492317
doesn't work keeps saying bad internet connection but all other apps work.,negative,negative,0.5883346796035767,0.5883347,0.38747782,0.024187429
did not install this app. all i did was update my phone and it was there and i can delete it! very annoying!!!,negative,negative,0.9577900767326355,0.9577901,0.03312132,0.009088675
last updates causing problems.,neutral,neutral,0.5437536835670471,0.3938535,0.5437537,0.062392835
"stupid app many many ads ,don't download this app",negative,negative,0.9687746167182922,0.9687746,0.020768868,0.010456565
too much buz for nothing so special.,negative,neutral,0.6840923428535461,0.1181747,0.68409234,0.19773297
simple but effective app to end smartphone addiction,positive,positive,0.8112403154373169,0.011254345,0.17750528,0.8112403
technology at its <signature>,positive,positive,0.8562382459640503,0.030617354,0.11314441,0.85623825
"editing is all about precision, of which this isn't good at. trying to crop is like throwing stones at a picture frame on a wall and hoping it sticks. when you get it you accidently press another button and all the work is <url> still needs some refining",neutral,neutral,0.6763615608215332,0.03695722,0.67636156,0.28668118
used to love <url>,neutral,negative,0.8186821937561035,0.8186822,0.15598026,0.025337549
bbm is really gud,positive,neutral,0.5809462666511536,0.2852304,0.58094627,0.13382334
still a good app,neutral,neutral,0.5692037343978882,0.018784951,0.56920373,0.41201138
"looks nice but the live radar always zooms in to close, i like to see the entire area around my location.",positive,positive,0.6898842453956604,0.010351777,0.299764,0.68988425
creeping permissions. no <signature>,negative,negative,0.9620469808578491,0.962047,0.027474217,0.0104788095
don't expect to be productive on the tube,negative,neutral,0.5591186881065369,0.39887744,0.5591187,0.042003866
huge apo. does not have move to sd card. standard reader v. good. uninstalling.,negative,negative,0.913912296295166,0.9139123,0.069808304,0.016279418
too many push and price not clear,neutral,negative,0.7132091522216797,0.71320915,0.25214964,0.034641188
great app but updated the app but the bug is still there where the animation plays without accessing the app so you have to tap screen to gain access to home screen. that bug has been there forever please fix!,neutral,neutral,0.5694478750228882,0.118291795,0.5694479,0.3122604
like it but need better notification settings,positive,positive,0.6154600381851196,0.013948552,0.3705915,0.61546004
being a motorcycling enthusiast i like to know where the rain is and what direction it's heading.,positive,positive,0.8720292448997498,0.011514244,0.116456516,0.87202924
radar no longer works,negative,negative,0.9672914743423462,0.9672915,0.021067176,0.011641341
why i cannot play my download video?,neutral,negative,0.5416210293769836,0.541621,0.39817148,0.060207486
as an alternative in contacting people,positive,positive,0.8178048729896545,0.013243296,0.16895184,0.8178049
crashes all the time tells you there is no memory even on sd card. won't let you use if you decline push notifications,negative,negative,0.9173378348350525,0.91733783,0.069859736,0.012802408
what's the point?,negative,negative,0.9461349844932556,0.946135,0.041148685,0.012716347
"i used to really love this browser but now it's just annoying .when i download files sometimes it tells me ""file doesn't exist"" and i have to redownload ,plus it lags .",negative,neutral,0.6645153760910034,0.28111422,0.6645154,0.054370392
its good but i think it should add like fortnite emojis or other characters,positive,positive,0.5021805167198181,0.010507575,0.48731187,0.5021805
its good but now a days it slow,neutral,neutral,0.7148185968399048,0.015843613,0.7148186,0.26933777
"the emojis you can make out of it are great! however, it would be nice to implement the character doing different kinds of sports. also the app didn't have my face shape, hairstyle, and the mouth was too big for me. basically i had to go with what i could find that looked the most like me, and a bunch of people still thought that the bitmoji looked nothing like me. something else i'd like to add is that maybe for the female character, put some outfits that are t-shirts and moderate shorts, not just short shorts. i couldn't find my usual attire because of that. overall, my bitmoji only looks a bit like me so if you guys can change the face, costumes, and facial features to let more people have an accurate character, it'd be great. <signature>",positive,positive,0.7154756188392639,0.0127466265,0.2717778,0.7154756
throw this app to garbage,negative,negative,0.958893895149231,0.9588939,0.031190792,0.009915303
very nice and helpful <url> luving <url>,positive,positive,0.9110572338104248,0.010770183,0.07817253,0.91105723
it will be better if there will be option to archive a chat,positive,neutral,0.6095132827758789,0.013859998,0.6095133,0.37662676
requesting to build a bigger forest!,positive,negative,0.7897157073020935,0.7897157,0.17310032,0.037183974
stop the stupid ads,negative,negative,0.9281163811683655,0.9281164,0.056535527,0.015348095
spark lightening no longer working,neutral,negative,0.7978829741477966,0.797883,0.16512746,0.036989614
"slowly slowly you are making it worst app but it's your app you can do anything after all you are communist. see i don't like your inbuilt pdf viewer,video viewer app so allow user to use apps like adobe pdf reader and mx <url> and the new problem is the facebook video is not working <url> earlier i have given <number> star rating but now you are decreasing quality <url>",negative,neutral,0.5129153728485107,0.4067836,0.5129154,0.08030102
doesn't export my photos most of the time,neutral,negative,0.5617440342903137,0.56174403,0.41157025,0.026685713
still need to improve,positive,neutral,0.6102222800254822,0.04517226,0.6102223,0.34460548
no philippine peso currency?,neutral,negative,0.8324968814849854,0.8324969,0.14628409,0.021218963
"i downloaded this app specifically to merge photos together on my backpacking adventures whilst eliminating the need for a laptop. sadly, it does not have the function to merge photos for panoramic or hdr.",neutral,neutral,0.5745807886123657,0.3655075,0.5745808,0.059911687
"pretty effective but i just noticed it doesn't pick up the usage of one of my most distracting apps (bacon reader for reddit). i was on it and thought oh no my tree! opened up to find it wasn't triggered. double checked my white list etc, everything was proper. if it doesn't block that it becomes pretty useless in my eyes",positive,neutral,0.7605787515640259,0.052027263,0.76057875,0.18739402
"awesome app. it would be sooo useful to have one button access to the lastest posts accross all channels and all workgroups, i find im spending much time digging around for the latest posts.",positive,positive,0.918109118938446,0.009817677,0.072073236,0.9181091
its good and so easy to use,positive,positive,0.8690200448036194,0.008028051,0.122951925,0.86902004
this isn't as good as it's siblings,negative,neutral,0.7121142148971558,0.2170083,0.7121142,0.07087746
app is good service,neutral,positive,0.5090303421020508,0.018954191,0.4720155,0.50903034
app thinks i am a man :'),negative,neutral,0.6165574193000793,0.25509816,0.6165574,0.12834442
will not work correctly. i tryed to set the map in motion and it will not move!,negative,negative,0.9625297784805298,0.9625298,0.026305815,0.011164284
super cute but kind of difficult to use on the spot.,positive,positive,0.6380906701087952,0.016136529,0.34577277,0.63809067
"nice, but couldn't find night mode.",positive,neutral,0.6098681092262268,0.016678836,0.6098681,0.37345308
"insanely unreliable - wont let me accept invites to other workspaces nor will this application even show me the invite - login inconsistency, i can auto-login with the app but when i type my password in non-app login screens it wont work. its the same password i use for other applications and i successfully login each time.",negative,negative,0.9603593945503235,0.9603594,0.031788915,0.007851683
cant search without creating an account! they need your email so the can sell it to spammers! unistall!,negative,negative,0.9706388115882874,0.9706388,0.019376568,0.009984639
only good not <signature>,neutral,neutral,0.7590181827545166,0.06475512,0.7590182,0.17622674
it is a waste app and waste of time. it is only useful for downloading the movies,positive,negative,0.9612752795219421,0.9612753,0.025802905,0.012921883
it's fast and i can always use it to download,positive,positive,0.879780650138855,0.009365243,0.110854186,0.87978065
have to use and see,neutral,neutral,0.5726051926612854,0.25034755,0.5726052,0.17704728
good but some issues,positive,neutral,0.5922040343284607,0.012052595,0.59220403,0.3957434
plz see sex movies it's nice in this,neutral,positive,0.5110069513320923,0.02239991,0.46659318,0.51100695
wont open. it always crashes and my phone reports it having multiple errors in <number> week,negative,negative,0.965620756149292,0.96562076,0.024906665,0.009472645
fcs on a <number> page pdf. really?! even on my stock evo that's awesome? this reminds me of flash player on my laptop- always causing problems. adobe = crap,negative,negative,0.7633358836174011,0.7633359,0.20659758,0.030066516
"the worst app ever can't download a single <url> my downloads have been ""unsuccessful""",negative,negative,0.9690064191818237,0.9690064,0.020313125,0.010680444
needs text search and in-document link support.,neutral,neutral,0.6617910861968994,0.028149156,0.6617911,0.3100598
it's a great app. love it and good job,neutral,positive,0.8810319304466248,0.028534913,0.090433225,0.88103193
"sometimes wonky when on wifi, but that could be internet connection issue. also wants to have high accuracy location on which will drain your phone quickly.",neutral,neutral,0.7972012758255005,0.06502768,0.7972013,0.1377711
why am i now seeing ads? lame!,negative,negative,0.96108078956604,0.9610808,0.029271688,0.0096475575
you had one job,positive,negative,0.6938764452934265,0.69387645,0.25585467,0.05026889
"it would be nice if there was an option to record voice messages.    nuisance: when i press 'backwards' in my android, i am thrown out of the app, instead of going backwards to the messages list.    nuisance: i don't see a list of last messaged people in chronological order but randomly. this drives me <url>",neutral,neutral,0.7120107412338257,0.023102524,0.71201074,0.2648867
not replacement for the desktop app,neutral,neutral,0.5980100631713867,0.3136544,0.59801006,0.08833561
great app to communicate with family and friends.,positive,positive,0.9250463247299194,0.013881618,0.06107204,0.9250463
best chat application ever,neutral,positive,0.9001278281211853,0.020142633,0.07972958,0.9001278
good app bt needs new features,neutral,positive,0.6102402806282043,0.01095848,0.37880123,0.6102403
it requires access permission n i dont know from where to turn on so can u plz tell m!!,neutral,negative,0.9428545236587524,0.9428545,0.046356805,0.0107887
uffff!!!! plzz don't downloaded this,negative,negative,0.9511193037033081,0.9511193,0.03909037,0.009790321
good <url> lacks some essential features,positive,neutral,0.5691880583763123,0.013998303,0.56918806,0.4168136
"the app is ok but the camera should no have any sound when you take photos, that problem is quite annoying",neutral,neutral,0.8371293544769287,0.030696074,0.83712935,0.13217449
installation corrupts gmail db on n <number> android <number> . <number>,negative,negative,0.942026674747467,0.9420267,0.045342233,0.012631075
i think it's a great start app!,positive,positive,0.8738523125648499,0.009322446,0.11682524,0.8738523
radar has been freezing and not moving for last month. deleted it after all this time. pos!!!,negative,negative,0.9546870589256287,0.95468706,0.036355,0.00895794
ok till it goes wrong,neutral,neutral,0.8298194408416748,0.034662127,0.82981944,0.1355184
i rely on weatherbug every day.,positive,positive,0.7555578351020813,0.023725722,0.22071645,0.75555784
"love this app, especially the lightening strike tracker.",positive,positive,0.8992647528648376,0.022017514,0.07871773,0.89926475
there's still more to it.,positive,neutral,0.6172494888305664,0.06499636,0.6172495,0.3177542
very basic and subscription based,negative,positive,0.7217913866043091,0.06003665,0.218172,0.7217914
no words great app,positive,negative,0.6045772433280945,0.60457724,0.3344545,0.060968198
"im not use as well, i think it is bad application, i dont like.",negative,negative,0.8810446262359619,0.8810446,0.10086375,0.018091623
keeps saying photos not found whwn trying to send/ attach to people. using a note <number> <url> its not <url> it <url> pwrfect for what application i needed it for. will try again when i get new phone in a couple weeks.,negative,negative,0.7422128319740295,0.74221283,0.23337358,0.024413535
helpful for book reading,positive,positive,0.8774247765541077,0.007808942,0.114766344,0.8774248
sometimes slow but yet efficient.,positive,positive,0.5045308470726013,0.016719857,0.4787493,0.50453085
for some reason the keyboard doesn't work on my phone. and i can't do couple's bitmojis with my wife. but it's fun to use with her anyhow,positive,positive,0.5286245942115784,0.01348355,0.45789188,0.5286246
make anoying bc different ring with chat ring,neutral,positive,0.49681758880615234,0.05272249,0.45045984,0.4968176
"please make the browser application sync-able with android phones. i was able to sync a few days ago, but now it only syncs with an ios account.",positive,neutral,0.7342423796653748,0.0773401,0.7342424,0.18841752
great app. would have been a <number> if avatar could be edited,neutral,positive,0.7933863401412964,0.048180208,0.15843341,0.79338634
poor cousin to the desktop app,neutral,negative,0.9237974882125854,0.9237975,0.060593635,0.015608832
i get notification for update but i can't update my bbm. please fix it.,neutral,neutral,0.7367546558380127,0.1497273,0.73675466,0.11351807
it wont let me download its saying it is but not getting it,negative,negative,0.9288402199745178,0.9288402,0.060181182,0.010978559
force closed zenfone <number>,negative,negative,0.8850447535514832,0.88504475,0.07669414,0.038261123
cloud service only idea bites,negative,neutral,0.5583097338676453,0.34307054,0.55830973,0.098619714
i can't sign <url> :'(,neutral,negative,0.8656054735183716,0.8656055,0.115892686,0.018501848
horrible for one reason,negative,negative,0.955725371837616,0.9557254,0.03101763,0.013257099
<salutation> opening unwanted liks,negative,neutral,0.49825534224510193,0.36203864,0.49825534,0.13970597
won't let me end chat,negative,negative,0.906795859336853,0.90679586,0.0784189,0.014785257
"nice, but flow could be better.",positive,positive,0.5219947099685669,0.010979375,0.4670259,0.5219947
it just froze up a few days <url> doesn't work at all when i click on it,negative,negative,0.9261767864227295,0.9261768,0.06321018,0.010613089
the news which displays on the welcome page is very annoying and vulgar have to be very careful when giving it to the children's at home to surf the internet and we had to use other browser in front of others as your front page containt all the vulgarity in news most of the people don't know how to disable news. the option should be visible on the front screen itself,negative,negative,0.5396820306777954,0.53968203,0.40681604,0.053501945
seems impossible to make a review,neutral,neutral,0.6445789337158203,0.298773,0.64457893,0.056648154
reflow doesn't let you move from what's on the screen. no option to go to specific pages directly (really? scroll through a <number> + page book everytime?),neutral,negative,0.5876575112342834,0.5876575,0.38043427,0.031908136
low score due to the lack of a dark theme/night mode in <number> !,neutral,negative,0.5460240244865417,0.546024,0.3857621,0.068213865
"no floating head, why",negative,negative,0.678385853767395,0.67838585,0.28417388,0.037440218
bad on sms blocking,neutral,negative,0.9096996784210205,0.9096997,0.07435871,0.01594155
hated the new update,negative,negative,0.9364746809005737,0.9364747,0.051385492,0.012139802
i find it a bit odd that the app doesn't automatically open a file. i have to go to the app and open the file from there.,positive,neutral,0.7885304689407349,0.037746653,0.78853047,0.17372291
the weather people are always wrong they suck,negative,negative,0.6347652077674866,0.6347652,0.32777408,0.03746074
"no ""go to page"" feature? really?",neutral,negative,0.7392300963401794,0.7392301,0.23326547,0.027504468
caused ipad safari to stop working,negative,negative,0.8349615335464478,0.83496153,0.1322302,0.032808237
it's a good app to communicate with team instantly,positive,positive,0.8714132308959961,0.006959588,0.12162715,0.87141323
garbage. worthless app. i hope someone comes up with one better and more organized for people use. makes no sense. cant navigate. not worth the headache.,negative,negative,0.9636799097061157,0.9636799,0.022611964,0.013708158
good but seems to be a battery drainer on lollipop,neutral,neutral,0.6497315168380737,0.015166891,0.6497315,0.33510163
like the funny <url>,positive,positive,0.6756510734558105,0.018766081,0.30558282,0.6756511
"useless app, doesn't work as described",negative,negative,0.9686751961708069,0.9686752,0.020346431,0.010978296
pdf viewer works much smoother and loads faster,negative,neutral,0.7107475399971008,0.053925086,0.71074754,0.23532735
awesome app with awful ux,neutral,positive,0.4897956848144531,0.115571216,0.39463314,0.48979568
<salutation> why most of the time. when i finish downloading video and going to play it. it says failed to open its not like this before using old version.,negative,neutral,0.6224796772003174,0.30863288,0.6224797,0.0688875
couldn't get edited photos out of lightroom!,negative,negative,0.9021611213684082,0.9021611,0.087719046,0.010119886
the update sucks!!! i lost all the trees i previously unlocked.,negative,negative,0.9682460427284241,0.96824604,0.02181938,0.009934554
the cancellations are confusing and the will double charge,neutral,neutral,0.7547659277915955,0.16644405,0.7547659,0.07879007
"great, but eset is going off",positive,positive,0.7190619111061096,0.027216842,0.2537212,0.7190619
it is too slow app.,negative,negative,0.652154266834259,0.65215427,0.30142376,0.04642193
good & need more development options,neutral,positive,0.7144936323165894,0.009306786,0.27619958,0.71449363
browsing fast but before download its doing re direct and suggest an other app.,positive,neutral,0.7505272626876831,0.07483149,0.75052726,0.1746412
please fix as soon as <url> cannot send message n dont have received feeds,negative,neutral,0.5880222916603088,0.322816,0.5880223,0.08916176
too many ads dude,negative,negative,0.8049505949020386,0.8049506,0.1753245,0.019724948
through this app i get amazing deals,positive,positive,0.9083488583564758,0.022728587,0.06892261,0.90834886
very helpful & useful for media <url>,positive,positive,0.9179802536964417,0.010791793,0.07122801,0.91798025
very helpful the apps,positive,positive,0.9160569906234741,0.0104523245,0.07349071,0.916057
update screwed the app over,negative,negative,0.9557037949562073,0.9557038,0.033261698,0.011034497
i love the variety of fashion styles this app offers. really digging on the poses & emotion statements. emoji id me. a ok,positive,positive,0.9214035272598267,0.014137238,0.06445921,0.9214035
except advertising everything is fine,positive,neutral,0.7139214277267456,0.026842663,0.7139214,0.25923592
does what it's meant to do,positive,neutral,0.5336646437644958,0.05514912,0.53366464,0.41118622
it's bad browsing with opera,positive,negative,0.63966304063797,0.63966304,0.32846045,0.031876504
storm warnings are behind. weather warnings just seams to be behind,neutral,neutral,0.5916532874107361,0.30315107,0.5916533,0.105195545
not really but they had an annoying notification getting me to rate the app so,negative,neutral,0.7819612622261047,0.057444565,0.78196126,0.16059427
was better before they started messing with it. but still a bit of silly fun,neutral,neutral,0.7203051447868347,0.09368547,0.72030514,0.18600942
can no longer save locations.,neutral,negative,0.890993058681488,0.89099306,0.094541475,0.014465528
"i use to like this app. but now the radar animation don't work,and i use to like that. i see it doesn't work for other people either sence the upgrade.",negative,negative,0.6150094866752625,0.6150095,0.35777155,0.027218945
it works but thats it,neutral,neutral,0.7612220644950867,0.07032956,0.76122206,0.16844842
"next update have any problems after i'm updates its say bbm not responding, and refresh page is take a long time, maybe <number> minutes, why the hell??",neutral,negative,0.6748608350753784,0.67486084,0.28173327,0.04340587
"just downloaded it, and haven't had the chance to use it much.",positive,negative,0.849141538143158,0.84914154,0.1316555,0.019202948
inferior to the ios version.,neutral,neutral,0.4829135239124298,0.45239398,0.48291352,0.0646925
"this app just simply doesnt care if i have allowed the data access or not. despite completely stopping the access to mobile data and wifi, it still runs in the background, connects with the internet and receives the texts. extremely intrusive and not something to have installed on your phone. if this is how it behaves, then it can't be trusted. uninstalled.",negative,negative,0.966529130935669,0.96652913,0.025290934,0.008179925
quick booking. many options.,positive,positive,0.8864264488220215,0.00851324,0.105060354,0.88642645
can't jump to pages. up arrow disappears. at least make it optional for up arrow to stay visible all the time. just plain out aggregating to use.,negative,negative,0.5171887278556824,0.5171887,0.44846743,0.0343439
very lag and make my phone so slow,negative,neutral,0.6294603943824768,0.30010235,0.6294604,0.07043718
useful and stable application <signature>,positive,positive,0.921273410320282,0.010411933,0.06831465,0.9212734
overall a good app fast downloading and <signature>,positive,positive,0.8932680487632751,0.008040957,0.09869096,0.89326805
good place to work in groups,positive,positive,0.753688633441925,0.007759102,0.23855227,0.75368863
good application. but needs some improvement,positive,positive,0.6621803641319275,0.008674243,0.32914546,0.66218036
good app but to much fake news and add,negative,positive,0.6147726774215698,0.010410112,0.37481716,0.6147727
cool idea with severe (ironic) bug,positive,neutral,0.710537314414978,0.03999636,0.7105373,0.24946634
this app are clearing all data,neutral,negative,0.9383193850517273,0.9383194,0.043013714,0.018666947
good for a waytomake moneyon the side,neutral,neutral,0.5912806987762451,0.014735502,0.5912807,0.3939838
it is very nice app,neutral,positive,0.8837713003158569,0.0080623375,0.1081663,0.8837713
"best editing software. ui is easy , but please remove the trial",positive,positive,0.6300155520439148,0.014251282,0.35573313,0.63001555
not visible in app tray!,positive,negative,0.5488479733467102,0.548848,0.40306666,0.048085395
the only thing i would do different is make this available on facebook i can't access it for my posts. had to uninstall and reinstall as it stopped working.,neutral,negative,0.7610896229743958,0.7610896,0.19824,0.040670358
"would have been a perfect app excet for the fact that you cant insert the icon into your current text, but have to start a new one(text) <url> , and with every icon!",neutral,positive,0.4985664486885071,0.026642224,0.47479135,0.49856645
some issues in confirming the booking.,neutral,neutral,0.7028442621231079,0.07655514,0.70284426,0.2206006
pls also cover news of intl. importance,neutral,positive,0.7185177206993103,0.054148264,0.22733401,0.7185177
very easy to navigate,positive,positive,0.9234598875045776,0.010333888,0.066206284,0.9234599
won't stop shutting down. reported several times,negative,negative,0.7181323170661926,0.7181323,0.24973333,0.032134388
easy and very helpful,positive,positive,0.9213038682937622,0.010382966,0.068313204,0.92130387
"there is a problem, at least in this version, each time i try to view an already downloaded city guide while i'm online, always displays the search page for hotels <url>",neutral,neutral,0.7702411413192749,0.10433216,0.77024114,0.12542664
i am just downloading the app after completion i'll increase or decrease the rating based on the app performance,neutral,negative,0.7499001026153564,0.7499001,0.21644036,0.033659536
"notif now okay, ads still not ok",positive,negative,0.6448575854301453,0.6448576,0.31490046,0.040241953
"great app, too bad i'm on android.",positive,positive,0.8180423378944397,0.04537944,0.1365782,0.81804234
"it's is very effective app , but it takes too much time in opening",neutral,positive,0.5705074667930603,0.015419079,0.41407344,0.57050747
same bad it is good for search and for download but it is no to much good when i open uc browser on it home sreen or default and not save language option for my side not good,neutral,neutral,0.619059681892395,0.31499818,0.6190597,0.065942094
not good for me,negative,negative,0.7160147428512573,0.71601474,0.22925842,0.05472682
it's good for few days later it is not working well,neutral,neutral,0.7676247358322144,0.018794345,0.76762474,0.2135809
"keeps crashing. really looked fwd to checking it out, but crashes all the time. the few times it worked the timer got messed <url> work it out!",neutral,negative,0.8217079043388367,0.8217079,0.15427318,0.024018917
the worst - yet the only <url> ckck,negative,negative,0.9494240880012512,0.9494241,0.0377661,0.012809794
i love this app!it really helped me! devs keep on fixing and constantly improving on the app. worth any all in app purchases (which are very cheap btw). just missing a widget! &lt;/ <number>,negative,positive,0.847071647644043,0.041151334,0.111777075,0.84707165
my bbm very slow .. what happen ??,negative,negative,0.7573825120925903,0.7573825,0.20902734,0.033590186
i like booking in my computer,neutral,positive,0.8545568585395813,0.010988587,0.13445458,0.85455686
i like this app,positive,positive,0.7910919189453125,0.015397647,0.19351043,0.7910919
can't do or find anything on the app,negative,negative,0.729907214641571,0.7299072,0.24935946,0.020733308
why open raw files ?,positive,neutral,0.6160874366760254,0.27507678,0.61608744,0.10883574
"all but useless in europe. slow to update and most features just don't work here at all. added a daily weather report, great! oh wait, it describes only one <url>",negative,negative,0.5510428547859192,0.55104285,0.3908237,0.058133435
something very wrong with the app,negative,negative,0.9325043559074402,0.93250436,0.0508727,0.016622886
iterate this app more then ads,negative,negative,0.6314026117324829,0.6314026,0.32193184,0.046665546
old seen should not repeat please,neutral,negative,0.4688173532485962,0.46881735,0.45499042,0.07619227
great app for traveling,positive,positive,0.903322160243988,0.015220044,0.08145784,0.90332216
was so great <url> but <url>,negative,neutral,0.6479812860488892,0.22832412,0.6479813,0.12369457
it's a nice app,positive,positive,0.8382304310798645,0.00760881,0.1541607,0.83823043
i love this service,positive,positive,0.4408318102359772,0.24762148,0.3115467,0.4408318
larry delaney like it,neutral,positive,0.6862128376960754,0.02343105,0.29035613,0.68621284
not working with google messenger,neutral,negative,0.8671182990074158,0.8671183,0.111811064,0.021070672
"i am enjoying the app very much, it was recommended by my nephew and it is everything that he said it would be!!",positive,positive,0.910670816898346,0.012260885,0.07706829,0.9106708
really only works with small documents and even then runs into freezes on motorola droid. no page jump which for books is necessary,negative,neutral,0.7201559543609619,0.18389036,0.72015595,0.095953666
"i used to really love this app until it started killing my trees just for receiving a notification that i hadn't opened yet. advanced detection is not on. may as well turn the phone off, but i use it for music.",negative,neutral,0.5920756459236145,0.32039225,0.59207565,0.08753213
crashes immediately after startup - can't use it!,negative,negative,0.9599719047546387,0.9599719,0.029650705,0.01037738
can't login to bbm,negative,negative,0.8972632884979248,0.8972633,0.087668724,0.015068011
an very much useful application,positive,positive,0.8945770263671875,0.010977092,0.09444591,0.894577
works great except a few things,positive,positive,0.7056076526641846,0.01877152,0.27562088,0.70560765
"<salutation> awful interface lacking any true customisation, yet another chat app that brings nothing new to the table and steals ideas from discord, an exercise in reinventing the wheel which hasn't been updated in years and crashes all the time. also i wouldn't trust this app if you value your privacy. avoid like the plague.",negative,negative,0.9605363607406616,0.96053636,0.029743772,0.009719838
good for editing bad for storage,neutral,neutral,0.7081724405288696,0.03682943,0.70817244,0.25499812
"it's <url> only downside is can't make just any emotion, but overall great",positive,positive,0.8693811297416687,0.00977629,0.12084263,0.8693811
used to work . please fix,negative,negative,0.8666793704032898,0.8666794,0.11501632,0.018304296
it would be great if there's a feature where i can sort my files in folders because it is irritating to find a certain file in my sea of different subjects.,positive,positive,0.652164876461029,0.010659811,0.33717528,0.6521649
one thing that uc devs definitely do is to remove ads and news <url> page is annoying if we want to read then will go in news site,negative,neutral,0.6857948899269104,0.20446457,0.6857949,0.109740585
nice to be back,positive,positive,0.8193165063858032,0.010157589,0.17052594,0.8193165
"in all, we have to check this.",neutral,positive,0.7430353164672852,0.033025764,0.22393894,0.7430353
freezes on some files,neutral,neutral,0.7270507216453552,0.19585682,0.7270507,0.07709249
cannot save progress without spending money.,negative,negative,0.8084747791290283,0.8084748,0.16823508,0.02329014
greatly helpful. i like it,positive,positive,0.9221724271774292,0.010648733,0.06717887,0.9221724
can't even spell sydney right,negative,negative,0.944934606552124,0.9449346,0.046664055,0.008401274
can't even create an account,negative,negative,0.9669625759124756,0.9669626,0.022777671,0.010259803
nice app but you put extra features in this app but app is good,neutral,positive,0.5459484457969666,0.011835683,0.44221592,0.54594845
"good, but better without all those ads like other free messengers such as whatsapp, telegram, etc",neutral,neutral,0.5374614000320435,0.011304365,0.5374614,0.4512342
wow. useless. hated it. <number> stars. (if i <url> ),negative,negative,0.9672724008560181,0.9672724,0.022656895,0.0100707775
"bloated, glorified chat. i use it because my company obliges me to do so.",negative,negative,0.48256561160087585,0.4825656,0.41832015,0.09911422
it dors ansolutely nothing. wastef my time!,negative,negative,0.9671030044555664,0.967103,0.022522904,0.0103740655
superb editing in this,neutral,positive,0.9001911878585815,0.015570746,0.08423803,0.9001912
"generally very good & helpful, with some good prices. free cancellation option is extremely useful.",positive,positive,0.9053918719291687,0.008743339,0.08586472,0.9053919
"the ""i'm listening to"" <url>",positive,positive,0.44301846623420715,0.1287311,0.42825037,0.44301847
"solid app, but lacking in the tablet ux area",positive,neutral,0.7982459664344788,0.06706425,0.79824597,0.13468978
let people to create more characters,neutral,positive,0.6773644089698792,0.0144644,0.30817124,0.6773644
app is good brower is so fast but news section in uc brower is the worst thing in the world,neutral,neutral,0.7532389163970947,0.08230851,0.7532389,0.16445264
"it is good easy to use , but why i have to download opera browser to download any videos from uc browser please fix this problem .",neutral,neutral,0.5627419948577881,0.013263186,0.562742,0.42399478
it worked better before the <url> anything posted is hard to see and get to.,neutral,neutral,0.5793271660804749,0.35152265,0.57932717,0.069150195
can't apply for instagram. please updated,neutral,negative,0.7583175897598267,0.7583176,0.22024332,0.021439046
image size goes from <number> mb to <number> kb else fine.,neutral,neutral,0.8052765727043152,0.048743818,0.8052766,0.14597963
please enable apps <number> sd immediately. <signature>,negative,neutral,0.5573137998580933,0.21152785,0.5573138,0.23115832
like the app but the don't update rainfall very often.,positive,neutral,0.5615276098251343,0.029072084,0.5615276,0.40940028
i liked <url> the size of this app is <url> is better,positive,positive,0.5622310638427734,0.03176709,0.40600187,0.56223106
this app is extremely bloated. for the functionality provided it should fit within <number> mb without issues.,negative,negative,0.48354145884513855,0.48354146,0.45270595,0.06375254
half assed. uninstall! droid ally,negative,negative,0.9640739560127258,0.96407396,0.026202934,0.009723166
quite nice - would be useful to edit posts from mobile,positive,positive,0.8736990094184875,0.006918162,0.11938286,0.873699
app <number> f. temp <number> f,negative,negative,0.4535484313964844,0.45354843,0.43655685,0.10989467
too many update it's annoying,neutral,neutral,0.7352883815765381,0.12656397,0.7352884,0.13814767
not responding to phone calls or emails. no customer service at all.,negative,negative,0.9479960203170776,0.947996,0.035558607,0.01644539
thanks for fixing the problem,negative,positive,0.6619989275932312,0.018340265,0.3196608,0.6619989
room rate at times is misleading subject to additional charges,neutral,neutral,0.5740382075309753,0.35808298,0.5740382,0.067878805
access to files/photos/media,negative,neutral,0.49252909421920776,0.06533246,0.4925291,0.4421384
"best messaging app, not so great for file sharing though",positive,positive,0.7305258512496948,0.01046348,0.25901067,0.73052585
they want to much access,neutral,negative,0.7296041250228882,0.7296041,0.22890577,0.041490156
"would love more clothing choices, glasses and skin tones.",neutral,positive,0.8883686065673828,0.00875558,0.10287581,0.8883686
line freecall is better than bbm freecall,neutral,neutral,0.6390272378921509,0.10169783,0.63902724,0.2592749
this app very nice & use very easy,neutral,positive,0.9223656058311462,0.009469198,0.068165235,0.9223656
make the dp full hd,neutral,neutral,0.6482553482055664,0.04963271,0.64825535,0.30211192
good if it doesn't has annoying news banners,positive,neutral,0.6295318007469177,0.01351731,0.6295318,0.35695097
please make the lite variant of this app for smartphones with less storage.,negative,positive,0.6455857157707214,0.032070678,0.32234362,0.6455857
age group <number> to <number> years old,negative,neutral,0.5944314002990723,0.19346306,0.5944314,0.21210557
takes a lot of space,negative,neutral,0.7544146180152893,0.1378326,0.7544146,0.107752815
trible app. ui is horrible.,negative,negative,0.9414573311805725,0.94145733,0.045602027,0.012940606
loved the app very much,positive,neutral,0.4206016957759857,0.23894511,0.4206017,0.3404532
this bbm is not working on my galaxy s <number> edge why,neutral,negative,0.9573923945426941,0.9573924,0.030831221,0.011776374
it's great <url>,neutral,positive,0.8522000908851624,0.0184811,0.12931877,0.8522001
where is option for timer,negative,neutral,0.7184816002845764,0.036090467,0.7184816,0.24542794
well not. so good work but. some what.,neutral,neutral,0.8002639412879944,0.045079693,0.80026394,0.15465643
this could be great <url>,neutral,neutral,0.5473921895027161,0.058724847,0.5473922,0.393883
take too much space or ram to run,neutral,neutral,0.709089994430542,0.22028697,0.70909,0.07062299
very useful. ive used the app many times in the last few years. hv even referred others by telling them directly. wish full address address of property could be included even before booking. thats my only complaint.,positive,positive,0.883192777633667,0.00874845,0.108058766,0.8831928
i love it but she doesn't look like me after making so many changes!!,positive,positive,0.7261109948158264,0.03206477,0.24182421,0.726111
"it's ok, but since it appears to have basic reflow why can't we have white text on black background to save battery?",neutral,neutral,0.8389930129051208,0.0231937,0.838993,0.13781337
great!!! amazing tool for textbooks in pdf <url> i use it on my lenovo tab <number> <number> plus and it works awesome. most of my medical textbooks converted in pdf run absolutely fine with this app.,positive,positive,0.9263438582420349,0.0139796,0.059676472,0.92634386
bothering me for a rating,neutral,neutral,0.5299206376075745,0.3572449,0.52992064,0.11283447
it works great until you need to use another app. even when i whitelist apps my tree still withers,neutral,positive,0.5722898244857788,0.039917402,0.38779277,0.5722898
good weather overview. occasionally buggy (no pun intended).,positive,positive,0.662438690662384,0.0108225355,0.32673877,0.6624387
when it works is great,neutral,neutral,0.6306701302528381,0.22414167,0.63067013,0.14518818
radar map doesnt work at all since last update. please fix and get <number> stars,negative,negative,0.9277336001396179,0.9277336,0.060513135,0.011753291
"how do i use on facebook,?",negative,neutral,0.577562153339386,0.2354556,0.57756215,0.18698226
used to be my favorite app,negative,negative,0.7533947825431824,0.7533948,0.21644524,0.030159984
its all good except for one thing.,neutral,neutral,0.6291894316673279,0.01482473,0.62918943,0.35598588
to good to be true,positive,positive,0.6029400825500488,0.08955354,0.3075064,0.6029401
this app is useful for me,positive,positive,0.8615379333496094,0.010049543,0.12841251,0.86153793
"only worked for a day, then the app would never open and kept saying there was a error. uninstalled the re-installed <number> times never worked again",negative,negative,0.9609318375587463,0.96093184,0.02940575,0.009662418
not able to open pdf's downloaded to sd <url>,negative,negative,0.8004945516586304,0.80049455,0.17123345,0.028271927
slow and crashes dinc v <number> . <number>,negative,negative,0.6549685597419739,0.65496856,0.2948157,0.05021574
"easy to use, fairly accurate!",positive,positive,0.9173189997673035,0.009990819,0.07269018,0.917319
its a usefull app for informal office communication.,positive,positive,0.9224065542221069,0.008008086,0.06958534,0.92240655
"facebook face detection doesn't work, so you have to start from scratch. also not enough selection to choose from.",neutral,negative,0.5514383912086487,0.5514384,0.41264957,0.035912093
more than one and add more stuff. (stuff to make the avatar),neutral,positive,0.9061672687530518,0.010534133,0.08329864,0.90616727
i can't play it that sucks,negative,negative,0.9341136813163757,0.9341137,0.055185694,0.010700671
crashes during import htc one m <number>,negative,negative,0.7666699290275574,0.7666699,0.18689506,0.04643503
does exactly what it says. i like it.,positive,positive,0.8892272710800171,0.009961703,0.10081106,0.8892273
i think this app is good,positive,neutral,0.5019656419754028,0.01529209,0.50196564,0.48274222
great app. free cancellation should be indicated per hotel before booking.,positive,positive,0.8497837781906128,0.037706252,0.11251003,0.8497838
"it's great for pdf, i only wish it supported other book formats like epub or mobi",positive,positive,0.8825415968894958,0.007952974,0.10950542,0.8825416
"stopped working and deleted everything after a week, pretty poor i'd say",negative,negative,0.9282150268554688,0.928215,0.06005841,0.011726511
"a couple days ago, started telling me it can't attatch the emoji to my texts, that just stinks! i have a galaxys <number>",negative,negative,0.9196851253509521,0.9196851,0.06983676,0.010478161
overall very useful app. i only don't like the fact that also sold-out hotels are shown. can be quite frustrating.,positive,positive,0.8345075845718384,0.009118625,0.15637375,0.8345076
works well. it could have been better if approximate dates were allowed in search form.,positive,positive,0.6911329627037048,0.008537956,0.30032903,0.69113296
still not as good as it could be!,neutral,neutral,0.7304019331932068,0.12735952,0.73040193,0.14223856
for more information about this review go to <url>,negative,neutral,0.4677824079990387,0.12894401,0.4677824,0.4032736
its been <number> years im using uc browser i gave a feedback that in uc browser we can't download videos directly to sd <url> have given a feedback about this past <number> years back but still uc team have not sloved my <url> service i request google team to please remove this uc browser from google <url> dnt need this kind of careless team ..,negative,negative,0.9564905762672424,0.9564906,0.034051698,0.009457708
awesome app to find any <url> it,positive,positive,0.8846994638442993,0.021013046,0.09428746,0.88469946
ok permissions fix. i've updated and given back two of the four stars i'd dropped.,neutral,neutral,0.790241003036499,0.047239434,0.790241,0.16251951
i love the idea but can we get a weekly forest too?? that would be quite motivating!,neutral,positive,0.7010960578918457,0.01600959,0.28289437,0.70109606
it's very good for edit photos and make photos and make a design of any things,positive,positive,0.9207614064216614,0.007535353,0.071703225,0.9207614
"i really love the lightroom software for laptops and other devices, but i don't find the app really convincing when compared to the software as you just miss so many options in the app",neutral,positive,0.6894170045852661,0.022879438,0.28770354,0.689417
"latest version is <number> . <number> . <number> , last updated on <number> th september <number> . uninstalled as abandoned. desktop is already at <number> . <number> .",negative,negative,0.9493758082389832,0.9493758,0.036760304,0.013863842
just click the back button and my tree will still <url> and i don't think i have the whitelist edit- i think your tree only dies when you open another app that isn't on your whitelist or else the list is <url> am i wrong?,positive,negative,0.8333214521408081,0.83332145,0.14306797,0.023610525
adobe products are awsome,positive,neutral,0.5230153799057007,0.42672846,0.5230154,0.05025616
latest update fails to install with 'unknown reason - <number> ',neutral,negative,0.8901458382606506,0.89014584,0.087778404,0.022075754
"the app syncs messages too slowly and marking messages as ""read"" is buggy.",neutral,neutral,0.7771317958831787,0.08315966,0.7771318,0.13970849
"great service, terrible app. the app doesn't seem work with mobile internet which makes it mostly useless.",negative,negative,0.9675700664520264,0.96757007,0.02154546,0.010884535
now <number> % harder to use,negative,negative,0.8705577850341797,0.8705578,0.10528381,0.024158418
marginal but still better than others i have tried.,neutral,neutral,0.7727769613265991,0.029853387,0.77277696,0.19736966
the app doesn't provide multiple tabs at a time. it would be great if its possible.,positive,neutral,0.5465018153190613,0.018203547,0.5465018,0.43529463
good app and uesfull,negative,positive,0.7867235541343689,0.012601857,0.20067465,0.78672355
only hate the <url>,positive,neutral,0.45626235008239746,0.327556,0.45626235,0.21618159
"i was using it every day and i think it was brilliant, even upgraded to paid version but since last update i haven't been able to access it at all as it keeps crashing. please fix it.",neutral,positive,0.7543946504592896,0.025981775,0.21962358,0.75439465
wont work for saml integration,neutral,negative,0.9595313668251038,0.95953137,0.032218937,0.008249682
good but ads are annoying,neutral,neutral,0.648895263671875,0.016355064,0.64889526,0.33474973
"app works fine, but it is very disappointing that there is no possibility to just use the map to find available accommodation. you always have to fill a place to search, but mostly i just want to browse and see what's available, regardless of the location.",neutral,neutral,0.5519593358039856,0.013883793,0.55195934,0.43415686
worst app and if it is install u r phone become a virus attack,negative,negative,0.9628149271011353,0.9628149,0.027934032,0.009251039
not what i'd expect from the creators,neutral,negative,0.87467360496521,0.8746736,0.10692255,0.01840387
"won't leave my facebook, like a <url>",negative,negative,0.890523374080658,0.8905234,0.09529913,0.014177517
ads is an inconvenient thing so far,positive,negative,0.5242700576782227,0.52427006,0.43777865,0.037951346
"i like the interface , it's really good. for me, i feel it would be nice to have a look up option when we right-click on words . it's functionality is to link up words to our dictionary apps. <signature>",positive,positive,0.8715678453445435,0.0073709083,0.121061206,0.87156785
good but many <url>,positive,neutral,0.641287624835968,0.015846135,0.6412876,0.34286624
requires photos to be imported into lightroom. i know this has how the desktop version but wish the mobile version was faster and easier to use.,neutral,neutral,0.665749728679657,0.028782958,0.6657497,0.30546728
miss tabs to move between open docs. otherwise is fab.,positive,neutral,0.7977523803710938,0.052460816,0.7977524,0.14978687
"they stole from me i wanted a refund and because the manager of the hotel i chose treated me indifferently all because i wasn't <number> and so i emailed their "" <number> hour customer service"" and never got helped. lost $ <number> . don't use this app it is a trap.",negative,negative,0.969028651714325,0.96902865,0.020705035,0.01026622
my ag fans love the photos i do,positive,positive,0.8928072452545166,0.023318093,0.083874635,0.89280725
this app would be perfectly awesome if it worked with the keyboard on my tablet so that i could use it in facebook when i <url> without white backgrounds,neutral,positive,0.8379051089286804,0.01479352,0.14730136,0.8379051
"why my friends can retract or delete their messages, while i can't? i don't know what bb phone or android they have.",neutral,neutral,0.7013528943061829,0.17059942,0.7013529,0.12804765
it sucks non free things to choose from,negative,negative,0.9617366194725037,0.9617366,0.026906239,0.011357115
this is very good app for downloading,positive,positive,0.9020628333091736,0.009972895,0.08796424,0.90206283
not accurate information all the time,neutral,negative,0.5228894352912903,0.52288944,0.40574268,0.071367905
cannot show my reserved bookings,negative,negative,0.48492246866226196,0.48492247,0.47508907,0.039988376
i love this app,positive,neutral,0.35283908247947693,0.33651376,0.35283908,0.3106472
my company forces me to use this app.,neutral,negative,0.953389048576355,0.95338905,0.030567443,0.016043508
it's hard to cancel a booking when <url> to use,neutral,neutral,0.7913984060287476,0.13079634,0.7913984,0.07780524
won't open email attachments,negative,negative,0.9665068984031677,0.9665069,0.024157587,0.009335581
couldn't find a better suited search app. compliments to the team. trivago couldn't find these many options.,positive,negative,0.7525019645690918,0.75250196,0.22717962,0.020318406
"simple to use, don't seem to be able to see complete booking information",positive,positive,0.6894404888153076,0.01922574,0.29133376,0.6894405
absolutely one of the <signature>,positive,positive,0.906239926815033,0.021531003,0.07222913,0.9062399
i like the reading mode specially. but sometimes it crashes.,positive,positive,0.7322225570678711,0.013458195,0.25431925,0.73222256
sounds and digital mixer cansol,positive,positive,0.5864124298095703,0.056330014,0.35725754,0.58641243
"lacks a lot of basic features such as bookmarks and ""goto page"". thinkoffice does a better job.",negative,neutral,0.8274021148681641,0.08389447,0.8274021,0.08870343
much better than asana,positive,positive,0.7844088077545166,0.039008766,0.17658244,0.7844088
better on my windows phone,negative,neutral,0.6162421703338623,0.08734913,0.6162422,0.29640865
it's good but always show on screen when i switch on my home screen,neutral,positive,0.5062463879585266,0.010345327,0.48340833,0.5062464
this app is my go to when i need to know about the weather.,positive,positive,0.9200936555862427,0.013801286,0.066105016,0.92009366
"okay but not great, and not really improving",neutral,neutral,0.8244044780731201,0.027368575,0.8244045,0.148227
it should have pause option,neutral,neutral,0.767751932144165,0.027931705,0.76775193,0.20431644
"all is good in this app except i couldn't see any hdr option while clicking photos, may be since i use oneplus one, which also has high processing power and advanced chipset enough to support this app. so they should support many more devices like this! hope the support arrives in next update itself.",neutral,positive,0.5331208109855652,0.010272669,0.4566065,0.5331208
"professional app , useful for office purpose , easily connect to office by mobile but too much heavy unable to send messages on slow network.",positive,positive,0.85701984167099,0.012002045,0.13097814,0.85701984
update is not starting after clicking on update button,negative,neutral,0.5849082469940186,0.33269715,0.58490825,0.08239456
hate it since the update,negative,negative,0.9503745436668396,0.95037454,0.03885758,0.010767895
tired of getting ripped off.,negative,neutral,0.5850973725318909,0.34757143,0.5850974,0.06733119
had to sleep in the truck!,negative,negative,0.8894234299659729,0.88942343,0.09401054,0.016565913
radar stopped working. i would've given <number> star rating if it worked.,negative,negative,0.9181388020515442,0.9181388,0.0682323,0.0136289075
worst experience in goa,negative,negative,0.9628303050994873,0.9628303,0.025451532,0.0117181735
like it because it syncs better,positive,positive,0.7610418200492859,0.013171504,0.22578667,0.7610418
i can connect to my friends.,positive,positive,0.9028000831604004,0.00853091,0.08866897,0.9028001
i love this app,negative,neutral,0.35283908247947693,0.33651376,0.35283908,0.3106472
fantastic app for downloading and easy to use,positive,positive,0.9249107837677002,0.010399775,0.06468944,0.9249108
"unable to change alert sound. not in options. unable to enable alerts per channel, on all or keywords and direct. closer to a beta than an app.",negative,negative,0.8462643623352051,0.84626436,0.13161317,0.02212246
so much fun! makes people laugh.,positive,positive,0.8375343680381775,0.030480534,0.1319851,0.83753437
similar to all other photo editing apps. doesn't stand out from ythe rest.,neutral,neutral,0.795346736907959,0.122970015,0.79534674,0.08168321
the quality of display picture is so bad,neutral,negative,0.8005797266960144,0.8005797,0.1680715,0.03134883
this app is very fast,neutral,positive,0.8666927218437195,0.021030962,0.11227627,0.8666927
dear friends do not install this browser. this browser is pathrtic <url> will ads and ads on this .really annoying,negative,negative,0.7942452430725098,0.79424524,0.18358651,0.022168266
please fix so i can type!,negative,neutral,0.6754305362701416,0.02898043,0.67543054,0.295589
able to provide sufficent info regarding hotel that want to be rent,positive,positive,0.7151237726211548,0.026747528,0.25812873,0.7151238
they make you pay to create an account!! this is outrageous.,negative,negative,0.9613577723503113,0.9613578,0.025027363,0.0136148315
"it's a great concept for assosiating a reward to focus for those of us who struggle; however, my tree withers when someone phones me and i don't answer which is obviously a piss off.",positive,positive,0.5890853404998779,0.030610025,0.3803046,0.58908534
really a very good app,positive,positive,0.893778383731842,0.01178706,0.09443459,0.8937784
awesome app! it will be better if you sync all your timers on your phones and chrome/mozilla extension. because i have to start to plant on my <number> phones and my browers when i'm working when you can do it just once and all your timers will start automatically. i hope you do it!,positive,positive,0.8800340890884399,0.016294258,0.10367172,0.8800341
this app is very nice,positive,positive,0.8495263457298279,0.011103585,0.13937002,0.84952635
"this app is super cute! my only complaint is that there is no piercing section! i have <number> piercings and would really like to at least have a nose ring! or maybe earrings? also think you should be able to customize outfits, like pick a shirt, bottoms, and shoes! instead of just the premade outfits.",positive,positive,0.9078563451766968,0.010669178,0.081474446,0.90785635
"app is okay but has superfluous things that i will never use. including every option is okay but the ideal app would allow for complete customization of components and page information that is pertinent to the user and where they are located. additionally, collecting metrics on what users actually use versus what is weak allows for improved development of the weaker app areas. that said, i have used this app for a long time with little cause for complaint.",neutral,neutral,0.6127419471740723,0.014876379,0.61274195,0.37238163
could you please add an option for exporting photos using the png format? it would be very handy.,neutral,positive,0.8165315985679626,0.0072823144,0.17618605,0.8165316
i like the reflow feature. but useless for me as i can't search nor skip to a specific page (have to scroll through entire books),negative,neutral,0.7050672769546509,0.050476924,0.7050673,0.24445581
"simple yet effective. would be great if the app had more customisation options like moving the plants around, changing the colour etc.",positive,positive,0.8340410590171814,0.0077729155,0.15818608,0.83404106
uc brouser is <signature>,positive,positive,0.5653116703033447,0.11410962,0.32057872,0.5653117
not starting since last update. please see to it. i gave <number> star so you can quickly check my issue. my phone is note <number> neo n <number>,positive,neutral,0.6187781691551208,0.2862284,0.61877817,0.0949934
doesn't work properly on nova launcher,neutral,negative,0.9273319840431213,0.927332,0.06213013,0.010537877
"useful, informative and helpful <signature>",positive,positive,0.9251117706298828,0.011771996,0.0631163,0.9251118
still no floating head!! disappointed,negative,negative,0.7172044515609741,0.71720445,0.2462545,0.03654111
this app sucks now,negative,negative,0.9658061861991882,0.9658062,0.021603001,0.012590805
it can't find my photos,negative,negative,0.9487733244895935,0.9487733,0.042695187,0.008531426
what happened to my little shortcut!? or used to stay open in all my messaging <url> now it's gone!!,negative,negative,0.9344435334205627,0.93444353,0.050085463,0.015471004
stable and functional but not totally user friendly.,neutral,neutral,0.5509592890739441,0.018844163,0.5509593,0.43019655
this is good <url>  downloading movies but many. ads are come in between browsing,neutral,neutral,0.6143758296966553,0.013561621,0.6143758,0.37206247
i don't like the company not the app,negative,neutral,0.7029968500137329,0.18065032,0.70299685,0.116352916
"great app but would love to have better clothing styles. maybe peacoats, pencil skirts etc. <signature>",positive,positive,0.9095103144645691,0.008972953,0.08151681,0.9095103
radar map will not move. it hasn't been accurate either.,negative,negative,0.9555162191390991,0.9555162,0.033721257,0.010762482
"simplistic, designed to exceed expectations and overcome limitations.",positive,positive,0.6484367251396179,0.032462165,0.3191011,0.6484367
<url> sometimes it's gone <url> hate slow,neutral,neutral,0.6152742505073547,0.25164595,0.61527425,0.13307978
"i would use it more but i dont like that it has to start a new message, would be better if it would just add to the convo on the screen",neutral,neutral,0.5975970029830933,0.016740397,0.597597,0.3856626
very bad app. it is forcing to instal. i think it is a virus.,negative,negative,0.9650896191596985,0.9650896,0.02225451,0.01265598
better if no trial period and unlimited use for free,positive,positive,0.5216068625450134,0.014537273,0.4638559,0.52160686
great but needs presets access,neutral,positive,0.9003686904907227,0.014298896,0.08533241,0.9003687
each time it simply keeps saying that my phone has <url> disgusting,negative,negative,0.5146622657775879,0.51466227,0.42839995,0.056937773
keeps documents in line. i really like this application!,positive,positive,0.8914636373519897,0.013330052,0.0952063,0.89146364
anyone video download stop and very slow download,negative,negative,0.5792330503463745,0.57923305,0.37330267,0.047464274
used to work but no longer does. writing this review while my is growing :/,neutral,negative,0.6112610697746277,0.61126107,0.34557742,0.04316153
limited options but fun,neutral,neutral,0.5922905206680298,0.01958908,0.5922905,0.38812047
would give better but have'nt used much yet,negative,neutral,0.7060418725013733,0.021045744,0.7060419,0.2729124
"app ok, but temp doesn't update in notification bar",neutral,neutral,0.8598873019218445,0.034714848,0.8598873,0.10539784
no way to redeem tickets.,neutral,negative,0.9648786783218384,0.9648787,0.024784913,0.010336406
"silly app , it would let me open google while it will kill the plant if i open calculator or dictionary",negative,negative,0.9237197041511536,0.9237197,0.062114194,0.014166044
"wow, such a pos!",negative,positive,0.7915031909942627,0.05004224,0.15845457,0.7915032
is a great app but since the update a couple of days ago i can't get radar to work. tried uninstalling and reinstalling but doesn't work.,positive,neutral,0.6775605082511902,0.068426654,0.6775605,0.25401282
"i hate start up with system, i don't use it frequently",negative,negative,0.9339211583137512,0.93392116,0.054469973,0.011608801
push notifications not working,negative,negative,0.49475979804992676,0.4947598,0.44238406,0.06285612
good combination with acrobat reader. it's quite clear,positive,positive,0.8812692165374756,0.00689809,0.11183262,0.8812692
nice. update it to be more digital. very clear,positive,positive,0.8746708035469055,0.008206888,0.11712235,0.8746708
nice but sometimes hanging,positive,positive,0.5581338405609131,0.01271184,0.42915434,0.55813384
still getting to know it,positive,neutral,0.6292394995689392,0.13073097,0.6292395,0.2400295
i use it for reading articles and it's fine. would be useful to be able to open two articles at once for cross reference but otherwise happy with the app,positive,positive,0.8952634930610657,0.0067057437,0.09803075,0.8952635
its better than others,neutral,positive,0.7862262725830078,0.0124001205,0.20137365,0.7862263
does not work. in play store not listed as trial .come on adobe you stop down loads from your services now products do not work and listed as free we hen really a trial,negative,negative,0.9638744592666626,0.96387446,0.02137263,0.014752953
almost a good editor,positive,neutral,0.5005343556404114,0.021005785,0.50053436,0.47845986
not able to download new <url>,neutral,negative,0.6882368326187134,0.68823683,0.27477607,0.03698711
"so i create a pdf using an adobe program, then send it to my phone to see what it looks like, but it won't open! pretty lame if you ask me.",negative,negative,0.5613774061203003,0.5613774,0.39620495,0.042417575
sometime can't change display picture at asus zenfone <number> . please fix,negative,neutral,0.7441263794898987,0.039154913,0.7441264,0.2167187
really nice concept but on android it just keeps hanging and eventually crashing.,negative,neutral,0.7440284490585327,0.10310893,0.74402845,0.15286264
doesn't work on my phone. always error,negative,negative,0.9630568027496338,0.9630568,0.029290901,0.007652327
slackbot opens every time i start to type a reply in the app. started happening with the last update (note <number> ). why can't we disable slackbot? <number> star until we get this ability.,negative,negative,0.852123498916626,0.8521235,0.12808676,0.019789755
"complex app that covers all sorts of things related to travelling, maybe too many",positive,positive,0.8690462708473206,0.014636114,0.11631767,0.8690463
great and more awesome,positive,positive,0.888983964920044,0.028986063,0.08202996,0.88898396
not what i asked for,negative,negative,0.8840761780738831,0.8840762,0.09843417,0.017489709
i wish you would show canadian maps,neutral,neutral,0.6684452295303345,0.08434586,0.6684452,0.24720886
you don't allow to take in-app screenshots?,neutral,negative,0.7336575388908386,0.73365754,0.23804137,0.028301125
how about date birth,negative,neutral,0.6318625211715698,0.11654707,0.6318625,0.25159043
"works great, other then not being able to delete content directly from phone.",neutral,positive,0.7596714496612549,0.021202007,0.21912657,0.75967145
can't copy/paste or add keyboard to android,negative,neutral,0.7501046657562256,0.18191169,0.75010467,0.06798367
can't even create a account tried more than <number> times,negative,negative,0.9647533893585205,0.9647534,0.026795663,0.008450995
fast and good but missing features.,neutral,positive,0.7545989155769348,0.008877985,0.23652314,0.7545989
cannot get rid of floating head in my messages and it's driving me mad. i've had to uninstall the app to get rid of it &gt;:-/,negative,negative,0.9441283941268921,0.9441284,0.04756427,0.008307342
"love this app. i use it to study, but i answered a phone call and it wilted my tree. i can't really help when i receive phone calls. this one had to be answered and now i have to look at a wilted tree in my beautiful forest. i am upsetti spaghetti since i'm a perfectionist",positive,positive,0.8608242273330688,0.024999188,0.11417659,0.8608242
this app is slowly work,neutral,neutral,0.4710778594017029,0.42091492,0.47107786,0.10800723
no instructions on how to delete files/pages viewed.,neutral,neutral,0.5502243041992188,0.40511695,0.5502243,0.044658825
it helps a lot.,positive,positive,0.8428947925567627,0.010234816,0.14687037,0.8428948
"need to improve performance, usablity, and <url>",neutral,positive,0.6761081218719482,0.018901581,0.30499026,0.6761081
multiple image share option is missing,neutral,neutral,0.6812011003494263,0.059963334,0.6812011,0.25883555
"i like the functions, but",neutral,neutral,0.5434911847114563,0.0236247,0.5434912,0.43288413
why don't you just block us all?! =d =d =d,negative,negative,0.76784747838974,0.7678475,0.20505704,0.027095472
easy to find hotel,neutral,positive,0.873725950717926,0.010834071,0.115439996,0.87372595
"if unexpected crashes negleted, it is so far the <signature>",positive,positive,0.6092614531517029,0.033964597,0.35677394,0.60926145
used to love it,negative,negative,0.8590646982192993,0.8590647,0.120262764,0.020672444
"i love this app but with the latest update it died when i used a white listed app, and when i checked my whitelist i couldn't scroll through or change anything which was weird. plz fix this and add more trees!",positive,positive,0.48296070098876953,0.061466895,0.4555725,0.4829607
very good mobile phone photo editor,positive,positive,0.8999390602111816,0.009079711,0.09098122,0.89993906
keeps telling u to turn on the access then brings u to the settings page and even aft you check all the boxes doesnt take you back to the app. and continues to keep popping up disrupting phone usage. app doesnt work properly,negative,negative,0.9532274007797241,0.9532274,0.03791682,0.00885582
app is faster but stucks mobile pleas fix it up,positive,neutral,0.7247534990310669,0.16195421,0.7247535,0.11329226
"should have ""seen"" feature",neutral,neutral,0.7570684552192688,0.057504173,0.75706846,0.18542735
"can not zoom in or out, plis fix",neutral,neutral,0.48916783928871155,0.47274527,0.48916784,0.038086917
nice idea and interface but finding friends doesn't work on android,neutral,neutral,0.7611725330352783,0.07964716,0.76117253,0.15918024
white list is so frustrating!,negative,negative,0.5903699994087219,0.59037,0.3699948,0.039635196
need <url> saving to gallery issue adding photo issue,neutral,neutral,0.7172224521636963,0.16889921,0.71722245,0.113878354
the live doppler doesn't work since i updated,negative,negative,0.6591758728027344,0.6591759,0.31361538,0.027208794
very ugly and difficult to use platform. i do not suggest it. very bad,negative,negative,0.9634603261947632,0.9634603,0.0248428,0.011696904
recent update be unstable and loading so late,neutral,neutral,0.5027793049812317,0.44631204,0.5027793,0.05090866
would give <number> stars if you blocked the facebook messenger bubble as well,positive,neutral,0.542306661605835,0.053248674,0.54230666,0.4044446
it's a good overall weather app. do miss the traffic cam.,positive,positive,0.8006442189216614,0.007596746,0.19175908,0.8006442
really hard to navigate.,neutral,negative,0.8775286674499512,0.87752867,0.105268426,0.01720291
they don't refund difference if room is cheaper,negative,negative,0.5109302401542664,0.51093024,0.42272303,0.06634676
"works most of the time. freezes sometimes while trying to open a document, but just restart the app and it's good to go.",positive,neutral,0.6917815804481506,0.02399,0.6917816,0.28422838
my friend show me it on tumbler it's amazing <signature>,positive,positive,0.9064623117446899,0.012844193,0.08069353,0.9064623
would of gave it <number> stars if i could. i just figured out that this app was using <number> % of my battery life and i never even use the app. sucks really bad.,negative,negative,0.9496155977249146,0.9496156,0.04162183,0.008762635
"you ruined the icon, we said ok. now you are ruining the background color too. stop changing, no one was complaining!",neutral,negative,0.8523459434509277,0.85234594,0.12799245,0.019661594
should have been a <number> star but why's the android version lacking local adjustments that the ios version has. i can understand that there may be delays among platforms but it's already <number> months behind!,neutral,neutral,0.7568690180778503,0.11675071,0.756869,0.12638025
nothing i want from this app,negative,negative,0.9512987732887268,0.9512988,0.036203586,0.01249769
so great until today,negative,neutral,0.5025328993797302,0.3318068,0.5025329,0.16566029
it would be nice if it had it on like whatsapp for android but you have to download another app to access that <url> yeah but it's good,positive,neutral,0.5286518335342407,0.010900704,0.52865183,0.4604474
high quality images turns into low quality,neutral,neutral,0.7044005990028381,0.21198887,0.7044006,0.08361052
"it doesnt work, the screen flashes on and off and it wont open",negative,negative,0.9662734270095825,0.9662734,0.023600152,0.010126492
no retract in options,neutral,neutral,0.7809420228004456,0.1351975,0.780942,0.08386049
last position read somewhat flawed,neutral,neutral,0.6415739059448242,0.24479465,0.6415739,0.1136314
get <number> days free trial. nice. to try it i need to be able to access photos that store to my sd card. i do that so i have room on my phones internal drive. waste of time,negative,negative,0.9500060081481934,0.950006,0.035116743,0.014877219
does not support to open pwd protected document,neutral,negative,0.8627986311912537,0.86279863,0.11792578,0.019275611
got rid of the irc gateway. this was why we used slack. uninstalled.,negative,negative,0.9550098776817322,0.9550099,0.034479972,0.010510108
more theme and customization <url>,positive,positive,0.8530136346817017,0.020094343,0.12689205,0.85301363
some items don't work!,neutral,neutral,0.7645676136016846,0.117342845,0.7645676,0.11808953
map animation still has bug.,negative,neutral,0.5116972327232361,0.43563432,0.51169723,0.05266846
"ignores some files, loads a few others",neutral,neutral,0.6829707026481628,0.2608544,0.6829707,0.056174893
it's not as good as it used to be,neutral,neutral,0.7854170203208923,0.1409813,0.785417,0.07360169
"good, but needs things",positive,neutral,0.5638659000396729,0.011407617,0.5638659,0.42472643
not working properly on samsung galaxy a <number> .,negative,negative,0.9158362746238708,0.9158363,0.06295252,0.021211227
views pdfs better then stock app but it doesn't see pdf's on sd card,negative,neutral,0.8013561964035034,0.09694843,0.8013562,0.101695284
no way to get rid of ads on terrible screen layout.,negative,negative,0.963089644908905,0.96308964,0.027179584,0.009730775
required an account. i want an app to edit pictures on my phone. the online storage and synchronization should be an optional feature; not a requirement.,negative,neutral,0.4820261299610138,0.47984618,0.48202613,0.03812764
ok with local weather love the thunder part of the app,positive,neutral,0.5441179275512695,0.013549986,0.5441179,0.44233206
trivago the tru app,neutral,neutral,0.3914020359516144,0.2284512,0.39140204,0.38014674
add a floating notification,positive,neutral,0.6498886346817017,0.06623072,0.64988863,0.28388065
why i can not share video on bbm group; too many update but no significant effect,negative,neutral,0.5598341822624207,0.38349074,0.5598342,0.05667502
limited options for search,negative,neutral,0.7889524102210999,0.037590295,0.7889524,0.17345734
good for messaging not for calls,neutral,neutral,0.7692976593971252,0.035617396,0.76929766,0.19508485
"it's available when i need it and it's more accurate than other weather apps i've tried. update(jan <number> ) <url> recent california winter has been crazy, and frankly this app has let me down with inaccurate forecasts for most of it. comparatively, the google now app is more accurate. maybe the sensors in my area are just bad. when it's fixed, i revisit my review.",neutral,positive,0.48854243755340576,0.024682589,0.48677495,0.48854244
you could add a bit more features. birthmarks scars moles etc,positive,positive,0.6551006436347961,0.0113044465,0.33359495,0.65510064
i am using it before <number> years,positive,neutral,0.5581710934638977,0.18699671,0.5581711,0.2548322
like many sites if you visit a chosen hotel more than once or twice the price rises!,neutral,positive,0.8562347292900085,0.013291079,0.13047414,0.8562347
amazing experience so far with this. iam being familiar with it.,positive,positive,0.9250636100769043,0.011050237,0.06388612,0.9250636
doesn't save properly half the time and definitely could use some more filters.,negative,neutral,0.8351961970329285,0.068024725,0.8351962,0.09677908
why is the iphone app so much better!,negative,neutral,0.5940288305282593,0.31433547,0.59402883,0.09163568
"browser not opening sites, it just ideal.",negative,neutral,0.7683725357055664,0.0826067,0.76837254,0.14902075
"continuous crashing, won't even open now.",negative,negative,0.965397834777832,0.96539783,0.024826316,0.009775827
they forced me to rate them so i docked a star.,neutral,negative,0.942556619644165,0.9425566,0.04302245,0.014420936
lame. doesnt work for samsung intercept,negative,negative,0.9560403823852539,0.9560404,0.033829473,0.010130135
of mice and man,negative,negative,0.6334522366523743,0.63345224,0.25819096,0.10835679
only thing missing is custom notification,positive,neutral,0.6264623403549194,0.06488818,0.62646234,0.30864948
video cant open after click tha video,negative,negative,0.8807324171066284,0.8807324,0.10192991,0.017337613
weather animation has stopped and will not start. has been off nearly <number> weeks.,negative,negative,0.9090043902397156,0.9090044,0.07224567,0.018749896
"i just came here because this app was featured on silicon valley, looks like a great app with an attractive interface.",positive,positive,0.7992063164710999,0.02903534,0.17175834,0.7992063
it's okay except for i have a lg phone and it doesn't work that well with the lg phone,positive,neutral,0.8342186212539673,0.02349995,0.8342186,0.14228143
cannot open or detect image file imported from nikon <number> j <number> camera which has .jpeg <url> i had to convert it first or use another photo app editing and save <url> so lightroom could detect the file <url>,neutral,negative,0.5982652902603149,0.5982653,0.3688895,0.032845117
having trouble downloading the app,negative,neutral,0.6594462394714355,0.23205747,0.65944624,0.10849628
i can't sent it through my messages to my contacts. only through facebook and that is absolutely ridiculous. this app sucks,negative,negative,0.9685253500938416,0.96852535,0.022533825,0.008940931
very quickly reservation done.,positive,positive,0.9109691977500916,0.014855811,0.07417496,0.9109692
<salutation> please give setting to turn it off,negative,positive,0.5612740516662598,0.0456285,0.39309746,0.56127405
fantastic app to track lighting! the rest of the app is the same as any other really. but in fairness i do not use the rest of the app.,positive,positive,0.8489188551902771,0.012086148,0.13899499,0.84891886
service is good but app is not much android oriented,neutral,neutral,0.8288231492042542,0.040299393,0.82882315,0.13087752
this app is better,neutral,positive,0.47696638107299805,0.1281662,0.3948675,0.47696638
the improvement are a lot better but it would be nice to be able to send large mp <number> or mp <number> files via bbm.,positive,positive,0.5734558701515198,0.01199649,0.4145476,0.57345587
viuggg hang with my life in your help me a lot and then you have any attachments may contain information contained herein including attachments if it would love the way i will have been sent me a new one day i was thinking about my life in your,positive,positive,0.8195183873176575,0.021878103,0.15860349,0.8195184
can't get to work for motorola droid,negative,negative,0.9500153660774231,0.95001537,0.042027682,0.0079569565
bad for the aap is hanging,neutral,negative,0.8993248343467712,0.89932483,0.08356829,0.017106809
its really <url> though remove the trial days remaining,positive,neutral,0.6288485527038574,0.08730473,0.62884855,0.2838467
horrible radar. constant storm alerts with no storms around,negative,negative,0.9622452855110168,0.9622453,0.025467338,0.012287295
cool idea pain da butt to use then at times wont work <url>,negative,neutral,0.8028241395950317,0.06925497,0.80282414,0.12792093
new update v <number> . <number> crashes all the time,positive,negative,0.8915261030197144,0.8915261,0.08419606,0.024277842
"it's okay (at least, freebies now included) <url>",neutral,neutral,0.7412659525871277,0.017706757,0.74126595,0.24102731
only <number> stars since it will not let me delete any files. please fix.,neutral,neutral,0.6046018600463867,0.153502,0.60460186,0.24189618
does what it is supposed to do and does it well.,positive,positive,0.8302482962608337,0.014350567,0.15540116,0.8302483
"very useful, but has a few annoyances",positive,positive,0.768612802028656,0.009672856,0.22171436,0.7686128
can't download <url>,negative,negative,0.7560929656028748,0.75609297,0.22254096,0.021366095
"generally a good pdf viewer. i love the reading mode that reflow text and adjust font for better reading experience. the only problem, or i should call it a bug, is that it seems like this mode hates to see <number> letters ""f"" & ""i"" being together. for words like ""find"", ""first"", ""prefix"", etc. you will see only ""nd"", ""rst"", ""prex"", etc.",positive,positive,0.8576973676681519,0.009025346,0.13327728,0.85769737
no support for paid ad-free version,neutral,negative,0.8900980353355408,0.89009804,0.09305297,0.016848948
i like this app,positive,positive,0.7910919785499573,0.0153976455,0.19351041,0.791092
used to use it for studying but after reacent update it won't open. please fix,neutral,negative,0.5967548489570618,0.59675485,0.36450982,0.03873532
last update is a disaster,negative,negative,0.9365658760070801,0.9365659,0.044147093,0.01928698
would be better if emoji's didn't disappear when new ones are added,neutral,neutral,0.6556212306022644,0.018034577,0.65562123,0.32634422
good for basic stuff,neutral,positive,0.5001968145370483,0.011953727,0.48784947,0.5001968
fun but android needs more options!!,neutral,positive,0.5567232370376587,0.015458694,0.4278181,0.55672324
"the usual mediocre bare bone pdf reader from adobe, totally lacking in functionality. repligo reader is better",negative,neutral,0.6205958724021912,0.32096153,0.6205959,0.058442604
stays open in background,negative,neutral,0.7329500913619995,0.13693471,0.7329501,0.13011518
it's actually helpful.,positive,positive,0.624067485332489,0.014576681,0.36135584,0.6240675
good enough and satisfied result <url> its quite good aap,neutral,positive,0.7625405788421631,0.007904833,0.22955465,0.7625406
why songs are not downloading from the websites. there is always showing error. whenever i download some song. pls fix this bugg,neutral,neutral,0.5524474382400513,0.39211118,0.55244744,0.055441424
booking is simple and straight forward.,positive,positive,0.6431016325950623,0.024105353,0.332793,0.64310163
"a really good and practical app, however like every other app it still has room for improvement!",positive,positive,0.8919538855552673,0.006797039,0.10124902,0.8919539
excellent pdf viewer rendered unusable by the inability to jump to a page and by the fact that it doesn't remember where you were or bookmarks.,negative,positive,0.693780243396759,0.018138573,0.28808117,0.69378024
good site but still faceing issue with hotel even we confirm through app,positive,neutral,0.572533369064331,0.018584548,0.57253337,0.40888208
it took forever to download,neutral,neutral,0.537408173084259,0.31552106,0.5374082,0.14707077
i've started using the lightroom camera to take all my photos in raw (dng) and i've noticed today that while out at <number> : <number> on <number> / <number> / <number> and taking pictures the time and date stamp on the images says <number> : <number> <number> / <number> / <number> . what's all that about? i can't change it so where does it get it's info from? also the preview does not show the correct colour. it does when using the slider but as soon as i let it go the image reverts back to a almost black and white.,neutral,neutral,0.7643469572067261,0.12667891,0.76434696,0.108974114
it's cute for younger people but i use it some. i'm <number> yrs old.,positive,positive,0.6798563003540039,0.010686789,0.3094569,0.6798563
"i had login throught google + <url> but i changed my mind and wanted to login through <url> so, i logged out !!! now, i cannot login back. the app is going back to registration page with the option to login to facebook !!! please look into the solution for this !",neutral,negative,0.9491569399833679,0.94915694,0.039336976,0.011506117
please could we have the option to install to sd card. what is the point in having a large sd card if it doesn't even get used,negative,neutral,0.5978322625160217,0.020675866,0.59783226,0.38149187
wont open at all,negative,negative,0.9496039748191833,0.949604,0.04049662,0.009899405
good stickers allow users to express better. how come i cannot use bbm calls?,neutral,positive,0.7394155263900757,0.009159994,0.25142446,0.7394155
why pr have no radar????,negative,neutral,0.5197104811668396,0.39511922,0.5197105,0.08517034
before it can connect even the signal is weak now it needs more signal to connect,neutral,neutral,0.5017864108085632,0.4409433,0.5017864,0.057270303
radar maps are all wrong,negative,negative,0.9480255842208862,0.9480256,0.040023543,0.011950986
it is fast downloading app,positive,positive,0.8486617207527161,0.010409271,0.14092901,0.8486617
make it a zoo or fish tank,positive,positive,0.6483541131019592,0.03267419,0.3189717,0.6483541
waah!!! so nice app,positive,positive,0.8127942681312561,0.014190557,0.17301519,0.81279427
why pay that price for tablet use,negative,negative,0.8989163041114807,0.8989163,0.0822938,0.01878998
good bit doesn't have the choices in search section for type of rooms such as not-smoking or soundproof ones or double-room etc.,positive,neutral,0.7116636037826538,0.019120272,0.7116636,0.26921612
too slow at times,neutral,neutral,0.7218774557113647,0.09386864,0.72187746,0.18425389
it's very easy to use and all types of format documents easily opened,positive,positive,0.9251449108123779,0.008636047,0.06621901,0.9251449
can not sign in,negative,negative,0.9352218508720398,0.93522185,0.051606826,0.013171276
it makes team communication highly open and accessible,positive,positive,0.9381763339042664,0.009349893,0.052473716,0.93817633
when message is being sent it takes time to be received,neutral,neutral,0.7465131878852844,0.15943702,0.7465132,0.094049826
pretty accurate for the most part i think,positive,positive,0.896467924118042,0.0073201708,0.09621196,0.8964679
spark is about the only good thing,neutral,neutral,0.507177472114563,0.06260136,0.5071775,0.4302212
broke the upload photo feature,negative,negative,0.4960816502571106,0.49608165,0.42742008,0.07649822
best app but suggest download stop,positive,neutral,0.497572124004364,0.016177388,0.49757212,0.48625055
some hotels are a bit shady,neutral,neutral,0.7507102489471436,0.05733881,0.75071025,0.19195096
its fun to see you're own emoji !,neutral,positive,0.7957292795181274,0.009071261,0.19519949,0.7957293
its not so great as i expected it to be,neutral,neutral,0.8212198615074158,0.060731508,0.82121986,0.11804866
keeps going down n the ads r anoying,negative,negative,0.6698768138885498,0.6698768,0.2979185,0.032204732
it was good enough until i can't change my display picture,negative,neutral,0.6709743142127991,0.015838731,0.6709743,0.313187
it's a trial. editing feature not impressive.,positive,negative,0.5250399112701416,0.5250399,0.39816442,0.0767957
love it <url> great job <url>,neutral,positive,0.5339584350585938,0.16947204,0.29656953,0.53395844
used to be good,negative,negative,0.8570584654808044,0.85705847,0.1232503,0.019691158
very good and useful app,positive,positive,0.9224000573158264,0.0115077,0.06609223,0.92240006
"the app will no longer let me delete locations. uninstalled, and reinstalled and they are still there. frustrating.",neutral,negative,0.6531384587287903,0.65313846,0.3201046,0.026756963
"buggy, ambigue and less features",negative,neutral,0.8031231760978699,0.0659404,0.8031232,0.13093641
"this has helped my productivity a lot. i've only recently started experiencing issues with it. before, the app used to count extra time i went without using my phone even after the <number> min mark. it was really gratifying to see how much longer i was able to last + it contributed to my forest and my overall focus count. but now it isn't doing that? so it kind of discourages me from continuing to work past the sound of the timer even if i feel like i could. if it's possible, please do something about that.",neutral,neutral,0.5619813799858093,0.028659953,0.5619814,0.40935868
"zooming slow, okay otherwise",neutral,neutral,0.8294798731803894,0.026184117,0.8294799,0.14433607
"fix zoom in attached images! it doesn't work first <number> seconds the image open, and for gif it doesn't work at all. and is that tat hard to add rotation you've ""planned to add"" a year ago? where's a font size setting or guesture scale sor chat?",neutral,negative,0.674923300743103,0.6749233,0.29590347,0.029173298
when will the local adjustments tool be disponible for android users?? hope it's included on the next actualization !!,positive,neutral,0.6697286367416382,0.05740864,0.66972864,0.2728628
just started using it !,positive,neutral,0.458829402923584,0.2753411,0.4588294,0.26582944
so cute. wish it were easier to access via other apps,positive,positive,0.7772405743598938,0.015217833,0.20754158,0.7772406
really like the way this app has evolved from it's first version. please add android wear notification service asap. its really easy to add and people are badly missing it.,positive,positive,0.9042032361030579,0.010960304,0.08483651,0.90420324
"good on mobile devices ,simply good on move",positive,positive,0.5601032376289368,0.0110889925,0.42880777,0.56010324
need to avoid unwanted ads and also enhance the downloading speed. overall nice app.,positive,positive,0.8467153310775757,0.0077096797,0.14557496,0.84671533
"i really like this app and is what i go to when i start loosing concentration. i wish there were more stats and plant types, also more beautifully animated and things that change <url>",positive,positive,0.9137195348739624,0.010634136,0.075646296,0.91371953
was <url> now radar broken,negative,negative,0.8907110691070557,0.89071107,0.07756493,0.031723984
booking bait and switch,negative,negative,0.8798141479492188,0.87981415,0.09413555,0.026050298
this seems like it would be cool,negative,neutral,0.6130818128585815,0.015397001,0.6130818,0.3715212
cannot see my photo's on device,negative,neutral,0.5068382620811462,0.45496508,0.50683826,0.0381967
so far so good!! i love it.,positive,positive,0.8492633700370789,0.03557809,0.11515859,0.84926337
"such an intrusive browser, coming from china. it can't be trusted with your online activities. indians, be aware.",negative,negative,0.9246535897254944,0.9246536,0.06455822,0.010788194
hi i download this app he is the very good app,positive,positive,0.816087007522583,0.02661426,0.15729877,0.816087
where is the download process,positive,neutral,0.6798574328422546,0.16690758,0.67985743,0.15323496
brill so easy to use,positive,positive,0.7595356106758118,0.010963111,0.22950126,0.7595356
the app isn't working on the note <number> . i'll update my review if/when it works.,negative,negative,0.7430111169815063,0.7430111,0.23140956,0.025579352
"""you have cancelled your entire <url> ""???",negative,negative,0.9554002285003662,0.9554002,0.032663245,0.011936525
it good for local german reports nearly as good as <url>,positive,positive,0.5447403192520142,0.009764378,0.44549525,0.5447403
does what i need it to,neutral,positive,0.8668729066848755,0.011728041,0.12139907,0.8668729
it's good for communication,neutral,positive,0.7033117413520813,0.008223692,0.28846458,0.70331174
it sometimes sends the wrong <url>,neutral,neutral,0.6586398482322693,0.24589226,0.65863985,0.09546788
please add the feature of sharpen and blur,neutral,positive,0.6781665086746216,0.014638998,0.30719444,0.6781665
notifications aren't working???,positive,negative,0.6853547096252441,0.6853547,0.2808259,0.033819426
lag while zoom in/out,positive,neutral,0.753230631351471,0.12812595,0.75323063,0.11864344
had some slowness issues?,positive,neutral,0.7397046089172363,0.064510055,0.7397046,0.19578543
awesome app one of the <signature>,positive,positive,0.8989589810371399,0.019907068,0.08113393,0.898959
it does great and gives accurate weather information,positive,positive,0.9203119874000549,0.009324551,0.070363484,0.920312
bogus . there are several aps much useful,negative,neutral,0.5318135023117065,0.41306108,0.5318135,0.05512542
'no notifications' doesn't work.,negative,negative,0.9064621329307556,0.90646213,0.07849107,0.015046879
great app for managing hotel reservations on the go. it's also nice to earn rewards for frequent stays. i think this is the <signature>,positive,positive,0.9262263774871826,0.008604059,0.065169625,0.9262264
app keeps crashing. unable to open after latest update.,positive,negative,0.9634835720062256,0.9634836,0.024580114,0.011936316
always update but nothing improve,neutral,neutral,0.778989315032959,0.06269442,0.7789893,0.15831628
"great concept, poor implementation",neutral,negative,0.8472768068313599,0.8472768,0.13144729,0.021275928
contact picture not show.,negative,neutral,0.6271713972091675,0.30705932,0.6271714,0.06576924
canon cr <number> support please,neutral,neutral,0.46800705790519714,0.07947223,0.46800706,0.45252067
this thing is a trap! it will take your money,negative,negative,0.9591131806373596,0.9591132,0.026493922,0.014392934
"the icon re-design is a tremendous eye-sore more fit to be the face of a pharmaceutical firm, and they didnt put any extra effort into making the app on any of the platforms, leaving gaps in design. no dark mode, no voip, no collapsing the sidebar on ios or windows. i use it because my friends do.",negative,neutral,0.7005243301391602,0.11608728,0.70052433,0.18338832
"just need an option to mute notifications (some of us work different timezones and like sleep), other than that it works pretty well!",positive,positive,0.7079029679298401,0.008706093,0.28339088,0.70790297
good for net work download,positive,neutral,0.5050016641616821,0.010495469,0.50500166,0.48450288
i want this feature,positive,positive,0.48442524671554565,0.0609444,0.45463035,0.48442525
content rating: low maturity,positive,neutral,0.6798134446144104,0.23399854,0.67981344,0.08618806
this application doesn't work in my handphone,negative,negative,0.9672644734382629,0.9672645,0.02286736,0.009868172
slack chat is good,positive,neutral,0.7456332445144653,0.046764288,0.74563324,0.2076025
i find the user experience superior to other apps.,positive,positive,0.6827437281608582,0.032380197,0.28487608,0.6827437
"great app, needs better ui on reviews",neutral,positive,0.8629516363143921,0.01928593,0.117762424,0.86295164
great new camera in-app,positive,positive,0.8515628576278687,0.044949826,0.103487246,0.85156286
would be <number> <url>,negative,neutral,0.5708727836608887,0.080581784,0.5708728,0.3485455
it's a good application,neutral,positive,0.7896766662597656,0.007158782,0.20316459,0.78967667
"five star service, two star app",negative,positive,0.4983144700527191,0.14159007,0.36009553,0.49831447
everytime my phone went on sleep it killed the tree and became completely pointless because i would've had to tap my phone every <number> seconds to keep it from locking and killing the tree.,negative,negative,0.970608115196228,0.9706081,0.020956868,0.008435065
bbm isnt the <signature>,neutral,neutral,0.6191357374191284,0.16377231,0.61913574,0.21709195
can you please give a little speed more on download,neutral,positive,0.5904092788696289,0.013169957,0.3964208,0.5904093
need support for .cr <number> format,positive,neutral,0.7449362277984619,0.09226641,0.7449362,0.16279733
"unecessarily complicated and cumbersome. it's so difficult to create new workspaces and move people from one to another. if you don't have someone's email address memorized, good luck! this app has a long way to go to be truly useful every day. in addition to the above, notifications are a bit of a nightmare. i've missed out on a lot of critical messages because notifications just don't work when they need to. i've run out of room for feedback but i could go <url>",negative,neutral,0.772494912147522,0.076846786,0.7724949,0.15065826
i'm surprised hdr is not supported on the huawei nexus <number> p. i realize it is isn't as new as the pixels but it's still a pretty fast phone.,neutral,positive,0.5736412405967712,0.01651329,0.40984553,0.57364124
where is the bookmarks?,neutral,neutral,0.47292444109916687,0.46418375,0.47292444,0.062891826
"love this app, developers have been brilliant at fixing bugs and the feedback system is great!",neutral,positive,0.8603194952011108,0.03654951,0.103130974,0.8603195
i want to give this app <number> <url>,negative,negative,0.9003896713256836,0.9003897,0.082144566,0.017465746
cant even sign in or sign up,negative,negative,0.9643489122390747,0.9643489,0.026032299,0.009618745
"very nice weather app. would like to see more detail on air quality, pollen, etc",positive,positive,0.8976147174835205,0.008145625,0.094239704,0.8976147
simple to use. nice option to search via map,positive,positive,0.8485921025276184,0.009110605,0.14229724,0.8485921
what a huge step backwards for useability.,negative,positive,0.4701319634914398,0.17709224,0.35277584,0.47013196
it is what it is!,neutral,positive,0.456230103969574,0.21310003,0.3306699,0.4562301
"+pinch zoom, +++reflow text, --render speed on scroll, ---should find all pdf including dowloaded by browser, --no search, ---no images in reflow",negative,negative,0.8372929692268372,0.83729297,0.14375132,0.018955657
this app keeps killing my tree whenever i off my <url> this is so bad. i ended up kore time restarting the timer.,negative,negative,0.9651281237602234,0.9651281,0.025076237,0.009795641
website offers better and more search options.,negative,positive,0.6116126179695129,0.034376938,0.3540104,0.6116126
i love this browser,positive,positive,0.42134422063827515,0.258534,0.3201218,0.42134422
not always perfectly accurate. i like the hourly forecast.,positive,neutral,0.6540700793266296,0.022429587,0.6540701,0.3235004
mobile notifications not working,neutral,negative,0.7791069746017456,0.779107,0.1739412,0.046951827
cannot unlock password protected ebooks. can't even interact with links or buttons. worthless for password protected ebooks.,negative,negative,0.9631208181381226,0.9631208,0.026886927,0.009992243
this app is an nice good for everything i need but they are problems u must fix,positive,positive,0.7397768497467041,0.01101493,0.24920815,0.73977685
getting worse than before,neutral,negative,0.7276327610015869,0.72763276,0.22973184,0.04263542
it's easier and efficient,positive,positive,0.8699132204055786,0.008593215,0.12149355,0.8699132
"what the mobile developers do not understand is: do not ever ever change the application icon! the icon shape and color are used to quickly identify an app between other dozen apps. that's how the brain works! moreover, an update only for the app icon? where is the video recording option? i use slack daily (it's the main chat / video conferencing solution where i work) and you can simply cannot record meetings!",negative,negative,0.7334617376327515,0.73346174,0.2371133,0.029424932
"cute and accurate, but no long hair",neutral,positive,0.7813594341278076,0.009777281,0.20886321,0.78135943
used to work. not anymore,negative,negative,0.9347697496414185,0.93476975,0.054761983,0.01046821
an outstanding way of communication with the team.,positive,positive,0.9213125705718994,0.014723788,0.063963614,0.9213126
internet is better than this because,neutral,neutral,0.4527551233768463,0.11058357,0.45275512,0.43666133
"sucks. force close, pdf never opens. htc hero.",negative,negative,0.9683741331100464,0.96837413,0.022543387,0.009082448
"i like it just wish tht we had more choices for the avatar and the body shapes were more womenly, besides that i think it's great!",neutral,positive,0.86136394739151,0.008075799,0.1305603,0.86136395
was great when it worked,negative,negative,0.46257784962654114,0.46257785,0.44565114,0.09177096
update has ruined functionality. now difficult to search rooms for <number> people etc. terrible terrible terrible!,negative,negative,0.9663605690002441,0.96636057,0.021209626,0.012429764
would like it better if you could use this app in fb <url>,neutral,positive,0.5099498629570007,0.01211009,0.47794002,0.50994986
great app with potential.,positive,positive,0.9239696860313416,0.013149889,0.06288048,0.9239697
handles small pdf files really well. needs bookmarks.,neutral,positive,0.5712233781814575,0.0169269,0.41184974,0.5712234
why not a mobile web version ??!!?!,negative,neutral,0.5339999198913574,0.390932,0.5339999,0.07506806
"i love this app, the ui is nice and smooth, no bugs what-so-ever, and it knows when i press the home button and enter another app. (turn on advanced something in the settings) looks very smooth, and it works as it should! the problem is, i can't lock my phone without killing the tree, and it wastes the battery. that's pretty much my only complaint! (i'm fairly new to the app, and i heard that when your forest gets full, that you can't put in anymore trees. if so, please let the forest expand as well.)",positive,positive,0.8407516479492188,0.017546644,0.1417017,0.84075165
i was addicted to game and other stuff my personal work ratio was too down and this app really help <url> !,positive,neutral,0.5685257911682129,0.2779582,0.5685258,0.15351608
stuck in update mode,negative,negative,0.7265249490737915,0.72652495,0.22834949,0.04512552
while downloading music it goes to play store .,neutral,neutral,0.6950139999389648,0.17957571,0.695014,0.1254103
can't append it to sd card when updated in htc wildfire,negative,neutral,0.5859397649765015,0.37095684,0.58593976,0.04310338
free emoticons are <url> good,neutral,neutral,0.7223438024520874,0.028179917,0.7223438,0.24947624
"i could plant the tree while watching youtube , no different than clash of clans",negative,neutral,0.6458024978637695,0.1884232,0.6458025,0.16577436
bbm cant connect properly,negative,negative,0.871587336063385,0.87158734,0.1130264,0.01538625
"it would be cooler if you could mix and match the pants, shoes, shirts, jackets, etc. instead of having to choose from predetermined outfits. i want to make my own outfit!",positive,neutral,0.5397064685821533,0.01461811,0.53970647,0.44567546
"works fine, too many ads",positive,positive,0.5347517132759094,0.062080737,0.40316755,0.5347517
they okay good on the <number> day forecast.!,neutral,positive,0.546974778175354,0.011916799,0.44110844,0.5469748
"when it works, it's good. but far too many crashes on my galaxy tab s <number> .",neutral,neutral,0.7360309362411499,0.018204914,0.73603094,0.24576418
terrible it now no longer works the way it used to. it was the <signature>,negative,negative,0.9641104936599731,0.9641105,0.02623569,0.009653709
push notifications not reliable,positive,neutral,0.748585045337677,0.16392173,0.74858505,0.087493256
went out and can't access it ny more. what happened. says i have <number> go thru fb or my email and i have <number> sign up and in wen i've been using it <number> the past <number> months. what happened!,neutral,negative,0.9555911421775818,0.95559114,0.036353275,0.008055629
to set a profile picture is very frustrating as the current set up/method cuts out most of the picture. this really should be adjusted.,neutral,neutral,0.8050230741500854,0.07390077,0.8050231,0.12107616
i liked <url> this is very useful,positive,positive,0.8054831624031067,0.011244909,0.1832719,0.80548316
if your not using this to book your loosing out,neutral,negative,0.739398181438446,0.7393982,0.20708829,0.053513527
"the app keeps asking me to rate it despite me constantly telling it ""no"" so i'm rating it <number> star out of spite and partially because they don't actually follow the choices they give you.",negative,neutral,0.6072326302528381,0.19044854,0.60723263,0.20231886
"uc browser is a fantastic browser application. the team behind the creation of this application have all done a wonderful job. keep it up as you continue to improve upon this great application. however, i wish to suggest that option to be able to send applications in speed mode { facebook, twitter etc} to phone desktop/home screen be incorporated into this application. secondly, make it possible to be able to select and set desired audio file as alert tones for applications like facebook etc. we therefore look forward to seeing these options in your next update sir. <signature>",neutral,positive,0.9035363793373108,0.011710204,0.084753424,0.9035364
"battery drain, battery drain, battery drain",negative,negative,0.8379887938499451,0.8379888,0.13180384,0.030207397
won't open raw files,negative,negative,0.9642349481582642,0.96423495,0.027775599,0.007989413
force closes on samsung moment w/android v <number> . <number>,negative,negative,0.7487887740135193,0.7487888,0.18308562,0.068125665
not as good as desktop app .too slow while navigaring to different channels amd personal chats.,neutral,neutral,0.6834338903427124,0.24774878,0.6834339,0.06881736
weather is nice and shows precipitation also,positive,positive,0.5807950496673584,0.012719438,0.40648547,0.58079505
"won't let me add locations, other than that, works well.",neutral,neutral,0.7852532267570496,0.06765182,0.7852532,0.14709492
note <number> <url> of nov <number> th.,negative,neutral,0.5850862264633179,0.22161803,0.5850862,0.19329566
rooms sold not always available,neutral,neutral,0.6840516924858093,0.23949799,0.6840517,0.076450355
please add a feature!,neutral,positive,0.7648459076881409,0.013550366,0.22160369,0.7648459
so many ads r coming i hate this app,negative,negative,0.9664525389671326,0.96645254,0.024653545,0.008893839
it does what it's supposed to.,positive,neutral,0.6455435156822205,0.040383797,0.6455435,0.31407276
it really sucks that disabling wysisyg in the settings does not work. i want my input freedom.,negative,negative,0.623776376247406,0.6237764,0.34770438,0.02851929
it's a decent app,positive,neutral,0.5194198489189148,0.012526281,0.51941985,0.46805382
have issue on redmi note <number>,neutral,neutral,0.5839681029319763,0.3162772,0.5839681,0.09975467
"i would give it <number> , but it keeps stopping when converting text to pdf",positive,neutral,0.7057673335075378,0.043527592,0.70576733,0.2507051
very good for me,positive,positive,0.8991035223007202,0.010443607,0.09045284,0.8991035
"app whitelisting doesn't work, everything works fine when whitelisting is turned off (tree withers when i exit the app) but when it's on, i can access any app without the tree dying, not just the whitelisted ones. i've also turned on the advanced detection mode, does not help.",neutral,neutral,0.5998278260231018,0.35501143,0.5998278,0.04516081
"this ""use"" to be the greatest weather app right up until <url> latest update froze radar animation and i don't get alerts until i open the app. deleting and going to find a better app.",negative,negative,0.4073488116264343,0.4073488,0.32322156,0.26942962
"it does its job, but asking each time to rate the app is infuriating",neutral,neutral,0.7133693695068359,0.08088861,0.71336937,0.20574208
my weatherbug now tells me im <number> towns away. reported <url> they told me i was dumb basically.,negative,negative,0.9280250668525696,0.92802507,0.058349192,0.013625749
crude humor supports the deteriorating morals of society. not acceptable,negative,negative,0.6168246269226074,0.6168246,0.3385573,0.04461801
after installed the browser <url> phone will hang and some unwanted program to be automatically <url> will affect on <url>,negative,negative,0.8397901058197021,0.8397901,0.13582902,0.024380844
some update or something makes this wonderful app crash. please remedy the issue!!!,neutral,neutral,0.606269359588623,0.081433795,0.60626936,0.3122968
love it but easy on the ads pls,positive,positive,0.7560039758682251,0.01746662,0.22652946,0.756004
"for all those whose trees are not withering, turn off whitelist mode",neutral,positive,0.5666912198066711,0.14530773,0.28800106,0.5666912
"i really enjoy this app, it's been quite helpful. however, though it counts the time you exceed the preset goal you don't get any extra trees/bushes. this means that i sometimes go over my time focus goal, but only see one lonely tree for my efforts. good bit of a bummer. otherwise, love the app.",positive,positive,0.8960654139518738,0.009952246,0.09398231,0.8960654
not as accurate at weather channel but i like that i can choose the radar location.,positive,positive,0.8232858180999756,0.0092239855,0.16749018,0.8232858
i prefer the blackberry version to the android version. or maybe i've not discovered all the tricks here.,neutral,positive,0.5118377804756165,0.030180793,0.45798144,0.5118378
great! so much potential!,positive,positive,0.8861071467399597,0.02538789,0.088505015,0.88610715
can't use bbm after update,negative,neutral,0.6536970138549805,0.29916516,0.653697,0.047137808
on getting the latest update the app stopped working all of a sudden. i use samsung galaxy s <number> . please see what has gone wrong. i tried reinstalling the app too. didn't work.,negative,negative,0.9541465044021606,0.9541465,0.037158787,0.008694739
very very slow even on nexus one,negative,negative,0.8135949969291687,0.813595,0.15641333,0.029991645
like the old version better,positive,neutral,0.6051308512687683,0.04586162,0.60513085,0.34900755
stop asking me to rate every time i launch the app.,negative,negative,0.5954803824424744,0.5954804,0.35020247,0.054317176
lots of force closes on galaxy s.,negative,negative,0.6917462348937988,0.69174623,0.26196614,0.046287637
needs more of the core lightroom features,neutral,neutral,0.5655429363250732,0.024701793,0.56554294,0.4097553
"great app, just a few things that need addressed. i can no longer ""purchase"" additional trees and i have the $. it says forbidden after taking a while to load. i've uninstalled and reinstalled, running on the most current app and android os <number> . <number> , droid turbo <number> .",neutral,positive,0.47647860646247864,0.08774615,0.43577525,0.4764786
please add live radar widget!,positive,positive,0.4800054430961609,0.058333274,0.46166128,0.48000544
can't quickly link to specific page or bookmark. sucks. quick office is much better for reading pdfs.,negative,negative,0.7529767155647278,0.7529767,0.22283223,0.024190968
it dose not let you do anything,negative,negative,0.873681366443634,0.87368137,0.101905756,0.024412837
hourly doesn't match the <number> day,neutral,negative,0.5091890096664429,0.509189,0.4420179,0.048793066
it's a good app,positive,positive,0.7076711058616638,0.008413645,0.28391525,0.7076711
good app edit picture,positive,positive,0.5944448113441467,0.014672799,0.39088234,0.5944448
can't bookmark the page! it's hard to read an e-book and remember the page number. i will delete.,negative,negative,0.790618360042572,0.79061836,0.19102804,0.018353576
use for fast download,positive,positive,0.8095989227294922,0.01289573,0.1775054,0.8095989
used to be the <signature>,negative,negative,0.6742969751358032,0.674297,0.28341952,0.04228342
better than most. quick and easy,positive,positive,0.913176953792572,0.011281119,0.07554186,0.91317695
"not fast in sending and receiving messages, the app needs to be worked on.",negative,neutral,0.6806687712669373,0.25213644,0.6806688,0.067194805
local adjustment not appearing,positive,neutral,0.7786429524421692,0.11014412,0.77864295,0.111212924
used to be great,negative,negative,0.8723340630531311,0.87233406,0.109406985,0.018258907
just got it <url> fingers crossed,neutral,neutral,0.44784170389175415,0.29481018,0.4478417,0.2573481
best pic editing <url>,positive,positive,0.8252943754196167,0.014558874,0.16014673,0.8252944
no bookmark or jump page. doesnt remember where i was when closed,negative,negative,0.8694169521331787,0.86941695,0.11580858,0.014774486
"good. only complaint is that sometimes the location on my lock screen is not my current location, but a random one from my saved places.",positive,positive,0.5169978141784668,0.011348495,0.4716537,0.5169978
for the older version,neutral,neutral,0.516903817653656,0.29681087,0.5169038,0.18628535
"this app is pretty good, but i wish i could use this in my normal keyboard and i hope that it will be animated and have a transparent background",positive,positive,0.6283792853355408,0.009211699,0.36240909,0.6283793
it's very accurate and good,positive,positive,0.906013548374176,0.0082895355,0.085696906,0.90601355
loved it till i got a new phone,negative,negative,0.5774697661399841,0.57746977,0.35580012,0.0667301
works ok but crashes when i rotate my archos <number> .,neutral,neutral,0.8304965496063232,0.03185152,0.83049655,0.13765197
bloats <number> megs needs to be movable to <url>,negative,negative,0.6272954344749451,0.62729543,0.31251156,0.06019307
shares the way it wants without permission,negative,neutral,0.4764622747898102,0.37017038,0.47646227,0.15336736
external storage for cache,neutral,neutral,0.7092952728271484,0.09052702,0.7092953,0.20017773
the radar map is practically useless now,negative,negative,0.9690809845924377,0.969081,0.0193098,0.011609241
will not select the correct current location.,negative,neutral,0.5816448926925659,0.37627625,0.5816449,0.04207885
cant edit my avatar and cant log in!!,negative,negative,0.9602777361869812,0.96027774,0.03093653,0.008785806
this is worse than what we call pathetic when it comes to mobile app.,negative,negative,0.9592697620391846,0.95926976,0.028417606,0.01231261
updated to make it worst,negative,negative,0.9513839483261108,0.95138395,0.03296088,0.015655166
the trees do not die when i leave the app which is what the app was supposed to do should i have left the app to use other apps like ig or youtube,negative,negative,0.7849029302597046,0.78490293,0.16678803,0.04830897
new version is a major step back,negative,positive,0.5516347289085388,0.13126487,0.3171004,0.5516347
awesome and secure app,positive,positive,0.9171608090400696,0.019330537,0.06350859,0.9171608
awful app. really awful.,negative,negative,0.9622282981872559,0.9622283,0.023434786,0.0143369725
would rate <number> <url>,negative,neutral,0.6450217366218567,0.092124626,0.64502174,0.26285368
"makes an incredibly annoying and loud clicking sound through the speakers whenever you take a photo, with no ability to disable it.",neutral,negative,0.4988324046134949,0.4988324,0.43941817,0.061749354
it's nice but some problems r there,neutral,neutral,0.5107653737068176,0.01156607,0.5107654,0.47766855
have used it for years,positive,positive,0.8433561325073242,0.02741194,0.12923193,0.84335613
hope it supports split screen,positive,neutral,0.6050931215286255,0.027556492,0.6050931,0.36735037
good app to <url> i alwayz prefer uc browser to <url>,positive,neutral,0.6241041421890259,0.029350454,0.62410414,0.34654537
some issues but otherwise excellent,positive,positive,0.6319317817687988,0.0098099215,0.35825828,0.6319318
"this app is great, allows you to edit raw files, and almost has all the same options as a desktop/laptop version. the only thing i would really love to see is a brush setting, really all it needs for <number> stars in my books!",positive,positive,0.9078927040100098,0.018726971,0.073380314,0.9078927
basic stuff done well,neutral,positive,0.6764031052589417,0.018167844,0.305429,0.6764031
unfriendly to free users,negative,negative,0.9427515268325806,0.9427515,0.044513363,0.01273511
crashed my phone twice in a row doing nothing more then trying to read a <url>,negative,negative,0.928354024887085,0.928354,0.055963125,0.015682874
has become unreliable and very inaccurate. loved it and now will get rid of because of terrible forecasts.,negative,negative,0.955896258354187,0.95589626,0.035687055,0.008416717
still no group contacts like old bbm,negative,neutral,0.7277516722679138,0.17191656,0.7277517,0.10033183
"slow loading, double notifications",neutral,neutral,0.6689175367355347,0.25696295,0.66891754,0.074119516
i love this app but sometimes it is really lagging.,positive,positive,0.674369752407074,0.028749162,0.2968811,0.67436975
freezes when opening pdfs. useless. root droid <number> . <number>,negative,negative,0.9682148694992065,0.96821487,0.02110293,0.010682122
"really nice app ,with grt way to analyse yr productivity",positive,positive,0.88221275806427,0.008541391,0.10924593,0.88221276
great but one major problem,positive,positive,0.8638906478881836,0.017904617,0.11820472,0.86389065
this program needs to be able to jump to specific pages in the pdf. i have a <number> page set of blueprints in need to access multiple times daily. fix,negative,neutral,0.5438163876533508,0.39762965,0.5438164,0.058553975
something went wrong before i could access this app. immediately <url> viruses needed.,negative,negative,0.8858587145805359,0.8858587,0.09371408,0.02042723
last update problem when search number adults,negative,neutral,0.5682572722434998,0.33020607,0.5682573,0.101536684
very good app very easy,positive,positive,0.9107444882392883,0.009678815,0.07957673,0.9107445
it's good app and doesn't contain virus,positive,neutral,0.6100139617919922,0.013052596,0.61001396,0.37693346
please add widgets for slack,positive,positive,0.7493166923522949,0.011713245,0.23897006,0.7493167
add hdr support for htc <number> please!,neutral,positive,0.5664335489273071,0.028261771,0.40530464,0.56643355
"suddenly it's killing all my trees it's was working perfectly, but now i keep getting a ""unknown app'",negative,neutral,0.6096602082252502,0.30456477,0.6096602,0.08577504
well <url> you need access to my files and my camera ? looks like an insecure joke. i 'll install once we are back to serious.,negative,neutral,0.6532725691795349,0.26338363,0.65327257,0.08334376
this app is <url> not as expected,negative,neutral,0.49737632274627686,0.43374017,0.49737632,0.06888353
please add remind me option,neutral,positive,0.8028167486190796,0.01219236,0.18499085,0.80281675
"original user interface, very usable.",positive,neutral,0.5673111081123352,0.07514615,0.5673111,0.35754272
i use this site for booking over night stays when going on holiday. good hotel and great staff.,positive,positive,0.924094557762146,0.009729918,0.06617546,0.92409456
can't access my account,negative,negative,0.9596432447433472,0.95964324,0.03199825,0.008358574
very useful to find non-chain hotels--saving lots of money when all you need is a clean room and a servicable bed.,positive,positive,0.9006008505821228,0.009400137,0.08999902,0.90060085
"love it, something for almost every occasion!",positive,positive,0.8600630164146423,0.038571857,0.10136514,0.860063
doesn't format text correctly,neutral,neutral,0.5290051698684692,0.43292692,0.52900517,0.03806792
"despite all these new pdf readers, this app provides very good benefits",positive,positive,0.8816186785697937,0.009962139,0.10841919,0.8816187
love it but hate it,neutral,neutral,0.4966793358325958,0.11143671,0.49667934,0.39188397
great application. efficient way to browse and book accommodation.,neutral,positive,0.9209031462669373,0.011318938,0.06777787,0.92090315
great mutch eadier than website. quick and convenient,positive,positive,0.9109733700752258,0.010566941,0.07845973,0.91097337
excellent. not needing any permissions is cool.,neutral,positive,0.7777854204177856,0.0090092225,0.21320534,0.7777854
"works pretty good, nice to finally have this on android.",positive,positive,0.8756516575813293,0.007213376,0.11713497,0.87565166
to boring and to many adds,negative,negative,0.5712962746620178,0.5712963,0.3648246,0.06387914
reply from notification and remove bbm channels,neutral,neutral,0.5469791293144226,0.3418292,0.5469791,0.11119164
love the app but current temperature doesn't stay in the notification bar even though i have it set to go the settings. please fix. i have to constantly open the app for current temp.,positive,positive,0.6791794896125793,0.026889892,0.2939306,0.6791795
i like it . works great,neutral,positive,0.9095274209976196,0.01236815,0.07810438,0.9095274
it's good for documents viewings and managing.,positive,positive,0.7864403128623962,0.0076758703,0.20588388,0.7864403
it's good but not too much <url> it's working well,positive,neutral,0.6342493295669556,0.011926861,0.6342493,0.3538238
pic porn on ads,negative,negative,0.8263458609580994,0.82634586,0.14956562,0.024088461
dope! i wish there was a batch deletion feature.,positive,negative,0.935874879360199,0.9358749,0.051989317,0.012135834
"worked great for years but now it double posts everything i send on my chromebook. love it on every other <url> iphone, mac. i hope this is fixed in the next <url> !",neutral,positive,0.7625569105148315,0.06641792,0.17102513,0.7625569
"sering error, but it's fine. still working",positive,neutral,0.7750332951545715,0.025503462,0.7750333,0.19946319
full of bugs. i can claim the reward but my coins doesn't increase at all????,negative,negative,0.8042011260986328,0.8042011,0.1690352,0.026763692
reliable when signal is good,positive,positive,0.6126642227172852,0.011929007,0.37540677,0.6126642
love it and hate it.,neutral,negative,0.7769939303398132,0.77699393,0.16942813,0.053577926
would be good if you could delete after finished!,neutral,neutral,0.7058382630348206,0.017756993,0.70583826,0.27640474
works for me. only one i ever use.,positive,positive,0.8281722664833069,0.044854503,0.12697323,0.82817227
error <url> do not work. i'm having <number> . <number> . <number> <url> still not working .,negative,negative,0.9609959721565247,0.960996,0.027151218,0.011852854
it is very good but it needs more options on the facial features and the body motifications,positive,positive,0.7184037566184998,0.00857835,0.2730179,0.71840376
takes up <number> percent of the <url> saves everything u <url> good for a <url> have motorola droid.,negative,neutral,0.6678785085678101,0.25627697,0.6678785,0.07584452
nice <url> was using this <url> information for news and latest updates,neutral,positive,0.8221744298934937,0.010982835,0.1668427,0.82217443
"the whitelist doesn't <url> no matter what i do, my tree dies.",neutral,negative,0.8929965496063232,0.89299655,0.08202677,0.024976633
"good app, but lacking android wear (and thus pebble) support. i prefer google hangouts to slack because of this missing functionality.",neutral,neutral,0.6596463918685913,0.018352157,0.6596464,0.32200143
great but too much phone access,neutral,positive,0.7275614738464355,0.018783957,0.25365454,0.7275615
if you can't offer better pricing you're useless,negative,negative,0.8967110514640808,0.89671105,0.079691984,0.023596965
seriously your ad blocker never works everytime i go to movies site pop up ads pop ups every second very irritating don't <url> u will never get good surfing experience,negative,negative,0.9212002754211426,0.9212003,0.06733765,0.011462073
minimize category and bbm group user friendly,positive,neutral,0.5766457915306091,0.034745757,0.5766458,0.38860843
it doesn't save the last page you were on. it's annoying.,neutral,neutral,0.7392919659614563,0.17652975,0.73929197,0.08417829
please add something which shows you how long you've worked for each day and maybe a graph for comparing different working times,neutral,positive,0.8111734986305237,0.00981577,0.17901076,0.8111735
not bad better than other,positive,neutral,0.7170475721359253,0.041659527,0.7170476,0.24129292
i like the radar and spark. i work outside so that helps. the temp though? <url> but i guess that's what you get when trying to predict the actions of the most volatile woman in existence. mother nature of course.,neutral,positive,0.8856421709060669,0.010730219,0.10362756,0.8856422
why it is asking to download uc browser when i am going to download song and i don't want to download uc browser,negative,negative,0.8076752424240112,0.80767524,0.17073046,0.021594316
"awesome app!! it helps me a <url> i think it will be better if it had a <url> like we can time when it will start <url> sometimes i like to use my phone a lot. like before bed or using my phone at <url> smting like that. if you had the timer, we can set our work time so we would not play phones at certain <url> but still this app is great!!",positive,positive,0.8678233623504639,0.012280254,0.11989641,0.86782336
good app but <url>,neutral,neutral,0.7024136781692505,0.018804168,0.7024137,0.27878213
does the job it aims to do,neutral,positive,0.8667095899581909,0.021546839,0.11174358,0.8667096
ridiculous. why the hell i cannot move it to memory card?,negative,negative,0.9628565907478333,0.9628566,0.025976961,0.011166407
download error problem network gone after network connected again donwload doesn't resume,neutral,negative,0.8016202449798584,0.80162024,0.17111838,0.027261319
"i would give this app more stars if it weren't for the inability to get an overview of the total number of hours sunk into each tag rather than just a percentage, extend the amount of time you want on the fly and to filter by multiple tags vs either only one or all at the moment.",neutral,positive,0.7271773219108582,0.012486917,0.2603357,0.7271773
"its cool, i love it",neutral,positive,0.8231480717658997,0.02895195,0.14789994,0.8231481
warning. bad apps. this apps cheat ur money on cancelation,negative,negative,0.9659331440925598,0.96593314,0.024215275,0.009851507
please fix!! then <number> stars,negative,neutral,0.5687010884284973,0.25062448,0.5687011,0.18067448
it's ok this apps,positive,neutral,0.7436851859092712,0.01807998,0.7436852,0.23823483
please add support for links inside pdf! great app but i really miss that feature!!,neutral,positive,0.8522776365280151,0.010579621,0.13714279,0.85227764
weatherbug was better <number> years back than it is now. i do not like the last few updates. the maps not as good especially showing cloud cover with storms or without. the layers is really sib par from the way it was. now for the last <number> days its shutting down for no reason,neutral,negative,0.6162587404251099,0.61625874,0.33305714,0.050684087
uc helpful but it's have many bad <url>,positive,neutral,0.6588363647460938,0.021693954,0.65883636,0.3194697
it tells me what i need to know,positive,positive,0.8406570553779602,0.0128042055,0.14653878,0.84065706
addicted to phone? this is the app,positive,negative,0.9381393194198608,0.9381393,0.045855332,0.01600539
works well but beware the enormous memory use for data. if this could be stored on sd card then i would give <number> stars. as it is may have to uninstall.,neutral,neutral,0.5532662272453308,0.01551291,0.5532662,0.4312209
nice app for viewing documents!!! have been using it since many years!,positive,positive,0.9137621521949768,0.0077335956,0.078504294,0.91376215
doesn't have a logout option,positive,neutral,0.6275008320808411,0.3355981,0.62750083,0.036901105
enlarge capacity for sending video,neutral,neutral,0.5647537112236023,0.11992559,0.5647537,0.3153207
"it needs to have color, hairstyles and have character friends we pick on the lists to be in emojis too. plus can we have clothes come from video games and movies. plz",positive,positive,0.5234473943710327,0.017991036,0.45856157,0.5234474
excellent considering all i want is pdf reader. but confused why such a basic thing like bookmarks is missing! the page nav good but never accurate,neutral,positive,0.7546255588531494,0.009010168,0.23636425,0.75462556
very funny! it crashes in my s <number> edge+,negative,neutral,0.5661795139312744,0.20160566,0.5661795,0.23221482
cant book in alantic city nj,negative,negative,0.55235755443573,0.55235755,0.4127948,0.034847684
learnt about it hope it is going to be <url>,neutral,positive,0.4994262456893921,0.09835967,0.40221408,0.49942625
i think it is cool because you can use it for anything and could make stories etc.,positive,positive,0.6935055255889893,0.009131353,0.29736316,0.6935055
"so powerful, yet so limited.",neutral,neutral,0.695252001285553,0.08494518,0.695252,0.21980278
i really like this app. have a lot of fun with it when i send text messages. haven't had any problems with it.,neutral,positive,0.8969326019287109,0.010861172,0.09220625,0.8969326
new icon is really lame. looks like google <url> hahaha. binit,negative,negative,0.9316516518592834,0.93165165,0.055889208,0.012459174
easy and convenient to use,positive,positive,0.9124075770378113,0.010333285,0.077259116,0.9124076
holy data <url> people please!,negative,negative,0.5420955419540405,0.54209554,0.30132478,0.1565797
screw you slack for arbitrarily forcing everyone on mobile to download this utterly superfluous client while your services run well in browser.,negative,negative,0.9636368155479431,0.9636368,0.026130876,0.010232365
sometime. . force close hard launch,neutral,neutral,0.7122373580932617,0.080119066,0.71223736,0.20764357
"slow, and hang when zoom",negative,neutral,0.7036392092704773,0.22956027,0.7036392,0.066800505
"the app is really good. i find it really fun but i suggest that you guys add piercings, birthmarks, beauty marks and things like that, maybe even allow more then two bitmoji characters. other than that, the app is really good",positive,positive,0.8420547842979431,0.0067917462,0.15115348,0.8420548
"would pay extra to get the ads to go away. otherwise, very good.",neutral,positive,0.606681227684021,0.01068365,0.38263512,0.6066812
beware making fool and cheating beware,negative,negative,0.9629926681518555,0.96299267,0.02502159,0.011985677
what happened to the paid version?,negative,negative,0.8559935092926025,0.8559935,0.1189502,0.02505626
good <number> st version - htc one m <number>,positive,positive,0.5290137529373169,0.016614191,0.45437202,0.52901375
great app use it to store music in,positive,positive,0.9245568513870239,0.0138529455,0.061590143,0.92455685
"could use a bit of <url> other than that, great concept and idea!",neutral,positive,0.7714503407478333,0.009520735,0.21902896,0.77145034
more customizable than the other guy but not as complete as i'd like,positive,positive,0.543161153793335,0.018064555,0.4387743,0.54316115
"i always like this app since i used my old curve. but the ads kill me, hahahaha.",positive,neutral,0.5563635230064392,0.06996005,0.5563635,0.37367648
"what a crappy app. rim can do much betta than this. wanted to give it a zero star but that option ain't available, i wonder why.",negative,negative,0.9573506712913513,0.9573507,0.034067433,0.008581864
it's a good app . it saved my mobile from getting virus into my mobile,positive,positive,0.7941341996192932,0.008413746,0.19745205,0.7941342
it's really nice !!!,neutral,positive,0.8510912656784058,0.0079862075,0.14092253,0.85109127
"the prices are super high. like,the great <url> a billionaire could pay, but they would be poor afterwards. don't use!",negative,negative,0.9307167530059814,0.93071675,0.05829621,0.010987009
"great local forecast, maybe because i live near their headquarters. it works great when i travels as well.",positive,positive,0.8883879780769348,0.010068415,0.1015436,0.888388
not very compatible with pomodoro technique,neutral,neutral,0.7730286717414856,0.122724555,0.7730287,0.10424682
very useful and reliable app. documents are available offline which i find very convenient,positive,positive,0.9312679171562195,0.010069224,0.058662925,0.9312679
too many ads! hate it,negative,negative,0.9682950377464294,0.96829504,0.021692406,0.010012625
good but i don't like this app becouse of that annoying ads please remove this <url>,negative,neutral,0.7046385407447815,0.019955555,0.70463854,0.27540585
improve android app please,neutral,positive,0.7257029414176941,0.02380682,0.25049025,0.72570294
not happy over my profile picture,neutral,negative,0.8455352187156677,0.8455352,0.121719755,0.03274508
foxit reader is more convenient,positive,neutral,0.652803897857666,0.031635508,0.6528039,0.31556055
"cute, simple and motivating!",positive,positive,0.9190294742584229,0.009995798,0.07097471,0.9190295
good but could be better,positive,neutral,0.6723296642303467,0.01418728,0.67232966,0.31348306
"one of the essential apps, but imperfectly realized in android",positive,neutral,0.498235285282135,0.050488,0.4982353,0.4512768
like it but too much ads,positive,neutral,0.661925733089447,0.028920524,0.66192573,0.30915374
still very lame. can't open pdfs that are image scans. cmon adobe. really?,negative,negative,0.9347845315933228,0.93478453,0.053026624,0.01218886
"after unable to launch get fixed in the update last night, all my past <number> days history is gone <url> all my lemon <url> this how the developer improve performance? very <url>",negative,negative,0.5414363741874695,0.5414364,0.32238057,0.13618305
you better call it off. useless.,negative,negative,0.9612929821014404,0.961293,0.022467222,0.016239744
as good as the web version,positive,positive,0.6219478249549866,0.014326827,0.36372533,0.6219478
just updated bbm and all of my chat history disappeared! need a way to restore it. pls fix it.,neutral,negative,0.9029212594032288,0.90292126,0.079327144,0.017751597
<salutation> can't even open password protected files. waste of time and memory,negative,negative,0.9678860902786255,0.9678861,0.020871188,0.011242766
i dont understand this ap,neutral,negative,0.910993218421936,0.9109932,0.076771244,0.012235546
its a very good app,positive,positive,0.8889041543006897,0.008189937,0.102905884,0.88890415
good website for hotels. plenty of options and many with free cancellation.,positive,positive,0.8749174475669861,0.0077375863,0.117344946,0.87491745
bad very very bad. in all website you have ads <url> is <url> <url> bad things <url> <url>,negative,negative,0.9663403034210205,0.9663403,0.023989793,0.00966981
claims app <number> sd but <url> no option to move from phone to sd card. it's a <number> +mb app. htc di <number> . <number>,neutral,negative,0.5422990918159485,0.5422991,0.41662973,0.041071173
"unnecessary app, please kill it.",negative,negative,0.9600305557250977,0.96003056,0.029977731,0.009991695
my favorite way to communicate,positive,positive,0.8839966058731079,0.016851455,0.099151924,0.8839966
quickly opens up the pdf <url> and very user friendly,positive,positive,0.9055769443511963,0.009068109,0.08535501,0.90557694
force closed after update,neutral,negative,0.8901529312133789,0.89015293,0.08594721,0.0238998
this app is nice for safe <url>,neutral,positive,0.7423770427703857,0.009323266,0.24829969,0.74237704
brings so much important info to my phone in an easy to use format.,positive,positive,0.8915998339653015,0.017516294,0.09088384,0.89159983
very nice and helpful app,positive,positive,0.9220724701881409,0.012370021,0.06555748,0.92207247
don't send fake news,neutral,negative,0.6610044836997986,0.6610045,0.30000228,0.038993258
it asks for login every time i start it and that is very annoying. on my ipad it does not behave that way.,neutral,negative,0.6240638494491577,0.62406385,0.34251606,0.03342011
update <url> bisa copy comment di picture group <url> info bagaimana cara copy coment nya?,negative,neutral,0.45482778549194336,0.43686074,0.4548278,0.10831151
"good so far on phone, afraid to install on laptop, had a older version that wouldn't go away and had constant ads and pop-ups",positive,positive,0.669471263885498,0.011314256,0.3192145,0.66947126
this app is far too big.,negative,negative,0.6652429103851318,0.6652429,0.25640282,0.07835427
this is a good app,positive,positive,0.8375321626663208,0.011223739,0.15124416,0.83753216
"i'm heard about security concerns related to this browser, can u explain it?",neutral,neutral,0.6110399961471558,0.17867118,0.61104,0.21028882
worst app in world,negative,negative,0.9671164751052856,0.9671165,0.020941617,0.011941935
i wish i could make funnies with my friends in them. not just in snapchat. otherwise a very fun app.,positive,positive,0.7240048050880432,0.010021215,0.26597396,0.7240048
its alright but got a long way to go to better repligo. need to be able to skip to chapters and double tap zoom should fit paragraph to screen width,neutral,neutral,0.7433032393455505,0.01657777,0.74330324,0.24011901
just missing an iphone feature.,positive,neutral,0.7722353935241699,0.1065605,0.7722354,0.12120409
not as good as on the blackberry phones doesn't show a red star to let you know you have an unread message unless you open the app,neutral,negative,0.5861778259277344,0.5861778,0.37301677,0.040805463
excellent with some improvements,positive,positive,0.8931283354759216,0.009596335,0.09727536,0.89312834
add fonts and stuff,positive,positive,0.829820990562439,0.011045038,0.15913402,0.829821
please add some more features,positive,positive,0.7000073194503784,0.011002284,0.2889904,0.7000073
wish you could choose a friends to be part of the emoji,neutral,positive,0.5006660223007202,0.017934477,0.48139954,0.500666
this app is useless. if i hit the home button the app plays in the background of my phone without the tree dying. that literally defeats the entire purpose of the app,negative,negative,0.9678143262863159,0.9678143,0.019808138,0.012377482
now i accepted it,positive,neutral,0.44635137915611267,0.26260728,0.44635138,0.2910414
support for password protected documents.,neutral,positive,0.6899081468582153,0.025602935,0.28448895,0.68990815
discord came out and improved on slack in every way. there is no reason to use this trash anymore.,negative,negative,0.9659968018531799,0.9659968,0.02478545,0.009217812
not anymore waste of time,negative,negative,0.9519062042236328,0.9519062,0.035901673,0.012192146
not able to sign in,negative,negative,0.8797785043716431,0.8797785,0.100094534,0.02012702
edit: i found the lemons and how to kill trees,positive,neutral,0.5030388832092285,0.13928188,0.5030389,0.35767922
always eror <url> this app,negative,positive,0.4607551693916321,0.19890112,0.34034368,0.46075517
has too much space for ads. premium for login. there are more user friendly ways to monetize your app. the concept is ok but poorly executed,negative,neutral,0.7852305173873901,0.14281282,0.7852305,0.0719566
"since using a new update, my htc one x, always not <url>",negative,negative,0.8866668343544006,0.88666683,0.094228536,0.019104509
wpupd give more stars if we could use this app on fb messenger,neutral,neutral,0.6608136892318726,0.15544847,0.6608137,0.1837379
"not more reliable as the desktop app, but it is enough to get by",neutral,neutral,0.7910845279693604,0.030347513,0.7910845,0.17856799
does not open all pdf files that you can open with adobe on the pc. uninstalled.,negative,negative,0.9643979072570801,0.9643979,0.023806404,0.011795704
"really bad. zoom removes text, outer viewmode locks scrolling etc etc",negative,negative,0.9607108235359192,0.9607108,0.026970213,0.012318976
i think the app is ment for book worms and book worms like me love it,neutral,positive,0.7195003628730774,0.08841616,0.1920835,0.71950036
chat app or ads app,negative,negative,0.8823578953742981,0.8823579,0.09658821,0.021053862
"good accuracy, clean look and good features.",positive,positive,0.8950099945068359,0.009142741,0.09584724,0.89501
tree doesn't whether if i leave the app n play game this app sucks,negative,negative,0.9614543914794922,0.9614544,0.028602138,0.009943435
even worse than photoshop,negative,negative,0.9196094870567322,0.9196095,0.06126605,0.019124467
begging for bookmark and copy paste option <url>,neutral,negative,0.7454131245613098,0.7454131,0.2104759,0.044111017
forgets where i was when killed by the system,neutral,negative,0.6216216683387756,0.62162167,0.32322273,0.055155557
very good. am no lonnger using infinix <number> am using mi note and it is very difficut for me to update my mi note phone.,neutral,positive,0.6849180459976196,0.021204825,0.29387707,0.68491805
not easy to use,neutral,neutral,0.5263757109642029,0.40084663,0.5263757,0.07277763
good app but huge filespace,neutral,neutral,0.5491295456886292,0.015986864,0.54912955,0.43488368
no substitute for this great secure app for mobile communication in real time,positive,positive,0.8632527589797974,0.029207252,0.107539974,0.86325276
not for bald people,negative,neutral,0.6672043800354004,0.22548194,0.6672044,0.10731368
really useful app. totally enjoyed using it. i had downloaded this without many expectations but the simplicity and perfection that this app delivered totally blew me away. hats off to the developers !! keep up the great work !!,positive,positive,0.9168801307678223,0.011891342,0.07122852,0.91688013
"it's a good app overall, but the hourly forecast is totally unreliable. if the amatuers at weather underground can get it right <number> % of the time, why is weatherbug wrong <number> % of the time? c'mon folks, it's obviously do-able, so please try putting in the effort to get it right in the future (or at least check out the weather underground site and copy their work).",neutral,neutral,0.5044816136360168,0.012066878,0.5044816,0.4834515
so so. like other apps in the play store. nothing special.,neutral,neutral,0.626031756401062,0.044300377,0.62603176,0.32966787
the standard tool for exchanging documents online,positive,positive,0.9020045399665833,0.012995494,0.084999956,0.90200454
please fix some bug n i will give u <number> star,neutral,neutral,0.6369168162345886,0.062699296,0.6369168,0.3003839
great app over all,positive,positive,0.8654321432113647,0.04255238,0.09201546,0.86543214
the app is interactive and has all the required functions.,positive,positive,0.8180000185966492,0.022561895,0.15943806,0.818
it's ok but the follow me is crap,neutral,neutral,0.8217689990997314,0.025890656,0.821769,0.15234032
update every <number> minutes,neutral,neutral,0.4718487858772278,0.45944908,0.4718488,0.06870211
"i have installed and uninstalled repeated this several times, all it wants to do is update continuously. i can't use it at all.",negative,negative,0.9671555161476135,0.9671555,0.02441747,0.008426952
used battery most show identity,negative,neutral,0.5912548303604126,0.15728864,0.59125483,0.2514565
should have more filtering options. should stop nagging for a review when you've already posted one.,neutral,neutral,0.7869908809661865,0.024278885,0.7869909,0.18873024
"after reservation want to add rooms but app just crash, keep loading",negative,negative,0.6860992908477783,0.6860993,0.27373508,0.040165618
lost in the translation,negative,neutral,0.4626678228378296,0.42738944,0.46266782,0.10994274
new version is much slower than the last. loading messages and channels feels sluggish and tedious.,negative,neutral,0.8200193047523499,0.076439336,0.8200193,0.103541374
where did the precipitation amounts go?,negative,neutral,0.6616063117980957,0.22394183,0.6616063,0.11445179
"it's nice, but it would be great there'd be some piercings",positive,positive,0.6740803718566895,0.008923703,0.31699598,0.6740804
it's a good app,positive,positive,0.7076713442802429,0.008413641,0.28391504,0.70767134
good but could be better,positive,neutral,0.6723296046257019,0.014187283,0.6723296,0.31348306
last update hosed app,negative,negative,0.8571749329566956,0.85717493,0.11575328,0.027071789
"it keeps crashing. i like yet very annoying to keep <url> , weather stopped working.",neutral,neutral,0.5920001268386841,0.31559718,0.5920001,0.09240271
the app would be better if you let us use calculator and <url> bcoz sometimes while studying you have to google something <url> just a suggestion.,neutral,neutral,0.61763596534729,0.019651012,0.61763597,0.36271304
"i love the amount of data and the warnings. however in the last <number> months the application has failed to work often at least once a day. if this issue could be solved, i would give the app <number> stars.",neutral,positive,0.8387070894241333,0.013934752,0.14735816,0.8387071
you just need to add box braids as a hairstyle,positive,positive,0.7876907587051392,0.01102701,0.20128223,0.78769076
its nice to receive anything,positive,positive,0.7979862093925476,0.008757754,0.19325604,0.7979862
this app is awful,negative,negative,0.965953528881073,0.9659535,0.023423798,0.010622596
"bummer! now i am a former usser!!!! no-ads weatherbug, where are you? hello?",negative,negative,0.9046217203140259,0.9046217,0.0825918,0.012786522
good for an <url>,neutral,neutral,0.6644579768180847,0.01662045,0.664458,0.3189216
this is very bad,neutral,negative,0.9589669108390808,0.9589669,0.027498059,0.013534961
doesnt work on the gs <number>,negative,negative,0.9412876963615417,0.9412877,0.048750207,0.0099621285
too much ads not good for kids,neutral,negative,0.5155208706855774,0.5155209,0.43102852,0.05345061
not working properly in android above <number> . <number>,positive,negative,0.9287684559822083,0.92876846,0.05276919,0.018462356
slow sometimes especially during video and audio calls. the app just hangs and stops working.,positive,neutral,0.7676076292991638,0.13970591,0.7676076,0.09268652
if i could alter the apps appearance to allow for inverted colour schemes i would give it <number> stars other than that this is a brilliant app.,positive,positive,0.9163355231285095,0.012337405,0.071327046,0.9163355
one of the <signature>,neutral,positive,0.8967117071151733,0.01871683,0.084571436,0.8967117
"it's not working for me, i'm using samsung tab <number> mini, it's asking for confirmation of date of birth",negative,negative,0.9214251041412354,0.9214251,0.06678121,0.011793717
"i can use other app meanwhile timer is running , so no use waste app",negative,neutral,0.6944131255149841,0.120369405,0.6944131,0.18521746
app is up to date and easy to read.,positive,positive,0.8687483668327332,0.009970988,0.12128071,0.86874837
"do not waste your time. if u think u can save the earth but no, you have to buy premium first to plant trees. absolute a waste timer",negative,negative,0.9687343835830688,0.9687344,0.021619031,0.009646521
sluggish compared to other pdf readers but renders well.,neutral,neutral,0.7087348699569702,0.023615677,0.70873487,0.26764944
"i don't need this, but i'm sure someone will need it.",positive,neutral,0.7846025228500366,0.046146236,0.7846025,0.1692512
"really fast, good and probably the <signature>",positive,positive,0.9045832753181458,0.009366308,0.086050384,0.9045833
"my team, tired of waiting for a department driven initiative for collaboration tools, decided to start using this for ourselves. it's been a great experience so far - quicker responses, easy file sharing, organising social outings and reaching out to the whole team at once etc. the <signature>",positive,positive,0.9254770278930664,0.012069886,0.062453035,0.925477
bad uploaded pic display,negative,negative,0.937848687171936,0.9378487,0.050198987,0.011952354
i like this app is very useful,neutral,positive,0.89018714427948,0.008114,0.10169887,0.89018714
"i was not able to open the app even after reinstalling it twice so instead i installed ""flip flop"" app which is also a similar app",negative,negative,0.6630793213844299,0.6630793,0.2975356,0.03938505
what's with all the new permissions?,negative,negative,0.5781488418579102,0.57814884,0.3711866,0.050664607
the new automatic markdown feature sucks!!! and you cannot turn it off,negative,negative,0.9500680565834045,0.95006806,0.03991719,0.010014747
now it use very long time for export photo.,negative,positive,0.8744000792503357,0.018529886,0.10707006,0.8744001
can't import pictures,negative,negative,0.5340543389320374,0.53405434,0.43586996,0.030075688
i love it but for some reason it doesn't work well on my samsung. if it worked better with my phone a higher rating,neutral,positive,0.817768931388855,0.02261984,0.1596113,0.81776893
did more things to say and more holiday,neutral,positive,0.747416079044342,0.022455052,0.23012887,0.7474161
can not open edited images on my galaxy note <number>,negative,negative,0.6855137348175049,0.68551373,0.28572935,0.028756978
the confirmation details is not shown on <number> rd party screen. not useful if i have to inform <number> rd party of the confirmation details.,neutral,neutral,0.6719096899032593,0.25751,0.6719097,0.07058027
never sends the correct emoji.,negative,negative,0.7911385297775269,0.7911385,0.18954639,0.019315105
please add save image setting,positive,neutral,0.7031370997428894,0.048129283,0.7031371,0.2487336
i cant run the app after new update!!!,neutral,negative,0.9665431976318359,0.9665432,0.024462206,0.008994656
ads thats the only thing spoiling this <url> bcz ads are source of income <url> lose this app the source ur getting ads,negative,negative,0.9081444144248962,0.9081444,0.07327954,0.01857615
i have had this app for a while and it works really well,negative,positive,0.8049020767211914,0.01663671,0.17846122,0.8049021
mostly good except- sucks too much background data and not freindly to my battery . should shut itself down.,neutral,neutral,0.7975137829780579,0.023144227,0.7975138,0.17934205
"fairly accurate, wish the radar would update a little quicker",positive,positive,0.8294261693954468,0.007941536,0.1626323,0.82942617
what's up with it?,negative,negative,0.6830945014953613,0.6830945,0.27684554,0.040059917
up browser is <signature>,positive,positive,0.49177318811416626,0.16935302,0.33887374,0.4917732
nice app but i can't highlight my text i pressed that longer but it couldn't work please check this out,positive,neutral,0.6718465685844421,0.022579018,0.67184657,0.30557445
love it but the radar needs future time,positive,positive,0.4872722923755646,0.072348125,0.44037953,0.4872723
itss ok but not good at <url>,neutral,neutral,0.8284973502159119,0.029153934,0.82849735,0.14234874
animation does not work. really disappointed. use everyday for work. moving on to the weather channel app. never fails.,negative,negative,0.9547716975212097,0.9547717,0.03355264,0.011675671
"maybe if the app followed material design guidelines, i would have rated it <number> stars. the controls are based on ios, so it's not easy to find your way, but overall it's a good photo app.",positive,positive,0.553097128868103,0.013278938,0.433624,0.5530971
new layout v <number>,positive,neutral,0.5518588423728943,0.15472572,0.55185884,0.29341543
it does not install,positive,negative,0.960303783416748,0.9603038,0.024617365,0.015078808
"its amazing app, but unfortunately after the new updation the app forced to close when importing a new photo. so please fix that bug immediately",positive,positive,0.5081457495689392,0.02379859,0.46805573,0.50814575
try hotel tonight - $ <number> free,neutral,neutral,0.6142675280570984,0.26264134,0.6142675,0.12309119
"it's like <number> stars for the app, <number> star for new booking assistant. god damn it, how the hell can i just answer the message i got from a property???!!! why do i need to see <number> questions of an assistant instead, that i can not delete and that just mess up all the dialog! hate it. really hate this feature! do like everything else though.",positive,negative,0.8249796032905579,0.8249796,0.1523028,0.022717597
been a good weather app for me! thumbs up!,positive,positive,0.48697274923324585,0.045465592,0.46756175,0.48697275
i guess it's <url>,positive,neutral,0.6210066080093384,0.039538167,0.6210066,0.33945522
loved it before update,neutral,negative,0.524557888507843,0.5245579,0.39397034,0.0814718
it is good news app but some improvement required in spelling and language.,positive,positive,0.6347007751464844,0.009617324,0.3556819,0.6347008
"as a frequent user , you should have few options as reward the client should choose between",positive,positive,0.7449349164962769,0.02103669,0.23402841,0.7449349
no bookmark or jump to <url> really annoying,negative,neutral,0.6475018858909607,0.28826112,0.6475019,0.06423707
app is <url> service sucks,neutral,negative,0.9054025411605835,0.90540254,0.07558451,0.01901295
i can't use web mobile in <url>,negative,negative,0.7158790230751038,0.715879,0.2597998,0.024321163
the new button is super poopy.,negative,neutral,0.5084121823310852,0.07823527,0.5084122,0.41335255
"i love it, but desperately needs to save last <url> and place within that <url> a bookmarking function!",neutral,positive,0.6013666987419128,0.06006509,0.33856827,0.6013667
"simple to use,in a straight forward easy to understand format. <signature>",positive,positive,0.8978960514068604,0.010327063,0.09177689,0.89789605
i saw no last minute rates as promised on the description.,negative,neutral,0.6921015977859497,0.22350806,0.6921016,0.084390365
if you browse like i do this is a must have. i rated it <number> stars before but now it is becoming a mess. you are killing its reputation with ads. i must wait for few seconds advert to finish before browsing.,neutral,negative,0.9216008186340332,0.9216008,0.06370585,0.014693343
the drawer is old,negative,neutral,0.6904289126396179,0.19602443,0.6904289,0.113546595
what a great messanger. you make us who separated a kilometers away can gather in one place. keep <url>,positive,neutral,0.4666094183921814,0.3572873,0.46660942,0.17610325
add text option please,neutral,positive,0.5985405445098877,0.01584493,0.38561448,0.59854054
new logo looks like swastika maybe next time dev team will worked on app ram usage?,negative,neutral,0.6283735036849976,0.16162796,0.6283735,0.20999844
don't use. can't uninstall on tablet,neutral,negative,0.9520362019538879,0.9520362,0.038223293,0.009740579
fast but doesn't allow you to jump to pages no good for big ebooks,neutral,neutral,0.7936734557151794,0.12374067,0.79367346,0.082585804
how can i make a video call??,positive,neutral,0.522762656211853,0.067186624,0.52276266,0.41005075
easy to use and useful,positive,positive,0.9081666469573975,0.010509033,0.08132434,0.90816665
"i saw this app on engadget and was excited to try it. however, the hdr mode does not work on my phone. i have a samsung galaxy s <number> edge. it is listed as one of the phones that works but the option for hdr is not available on the drop-down menu.",neutral,neutral,0.7519000768661499,0.114481285,0.7519001,0.13361864
i was able to update and view my bookings very easily. very convenient.,positive,positive,0.9196390509605408,0.008276337,0.07208463,0.91963905
"it lost all my progress! i had the cat tree, octopus, etc",negative,negative,0.8986766934394836,0.8986767,0.08520432,0.01611894
best crashes ever!!!! worthless,negative,negative,0.9669331312179565,0.96693313,0.02223241,0.010834436
radar map never loads first try.,neutral,negative,0.9328253269195557,0.9328253,0.05624194,0.010932756
"simple to the massage, i like bbm,cause i can see when the massage have delivered n read .",positive,positive,0.8419221043586731,0.009905905,0.14817198,0.8419221
its <url> make something <url>,neutral,neutral,0.6311025619506836,0.10883288,0.63110256,0.26006454
this is my favorite weather app to use. i've used it since i was a teenager. the only problem i have is that the hourly forecast is almost never right which is very inconvenient for me considering i work outside. on the bright side you can look at the radar and pretty much tell what what is gonna hit you.,neutral,positive,0.8807458877563477,0.009775668,0.109478444,0.8807459
cant connect to facebook,neutral,negative,0.8593751788139343,0.8593752,0.12577432,0.014850512
"i like it and think it's super cute and fun, but i wish it had more such as maybe tattoos or piercings and i wish you could create outfits instead of picking an outfit",positive,positive,0.8911311030387878,0.0075896024,0.10127928,0.8911311
good for quick edits on the move,positive,positive,0.7323543429374695,0.008475539,0.25917006,0.73235434
why the almost daily updates?,neutral,neutral,0.7092011570930481,0.13059221,0.70920116,0.16020665
terrible. i don't need creative cloud!,negative,negative,0.9655222296714783,0.9655222,0.022447253,0.012030543
sign up form doesn't work and this app doesnt work without an adobe account so it was just a waste of time.,negative,negative,0.9674910306930542,0.96749103,0.021152396,0.011356599
love it but a problem?,positive,positive,0.6372514963150024,0.031566985,0.33118153,0.6372515
does what supposed to an as far as forcast go seems good,positive,neutral,0.5778239965438843,0.014179875,0.577824,0.4079961
i can't import alot of my photos!,neutral,negative,0.7517930269241333,0.751793,0.22693712,0.021269895
horrible pdf reader. there are much better alternatives.,negative,negative,0.9666605591773987,0.96666056,0.02257125,0.010768102
"it's great that it can read my truck's <number> , <number> page service manual right here on my phone; but i can't find anything if there is no search feature!!",neutral,positive,0.49826955795288086,0.021892875,0.4798376,0.49826956
it does logout of account after closing,positive,negative,0.7160120010375977,0.716012,0.24815658,0.03583142
"love it. would be great if you could include options to dodge and burn images, too.",positive,positive,0.8706793189048767,0.02880399,0.10051671,0.8706793
i don't like that i can't attach to a text in gboard. i have to go through bitmoji to send in a text. it is easier to send in iphone and i can't do friendmojis,positive,neutral,0.7970101833343506,0.09283166,0.7970102,0.110158116
"does not work on the captivate at <url> very disapointed, it just says it has failed to read found files.",negative,negative,0.9516403675079346,0.95164037,0.039146107,0.009213495
it's an useful app,positive,positive,0.8928112387657166,0.0076922276,0.0994965,0.89281124
is the white house in charge of it?,negative,negative,0.6573571562767029,0.65735716,0.26076862,0.08187424
weather automation doesn't work anymore so it's stupid,negative,negative,0.9521811008453369,0.9521811,0.03733811,0.010480733
some times its just boarding,neutral,neutral,0.7523547410964966,0.07135924,0.75235474,0.17628594
i deplore pdfs of all kinds. <url> the only thing that can read a pdf. but this app does <url> it still sux,negative,neutral,0.599212110042572,0.34117204,0.5992121,0.05961582
installs another app without warning,negative,negative,0.8525042533874512,0.85250425,0.11599055,0.03150524
it's your app so you get to choose your logo. but this new one confusing my son that slack is a game and he is complaining i keep playing this game all the time but have no shame in denying his rights to play games eternally. ps: unable to view old items unless we pay is gross.,neutral,negative,0.8573955297470093,0.8573955,0.12413465,0.018469736
"other parties doin better ""reader n even writer"" than adobe!",negative,neutral,0.6221144795417786,0.091520876,0.6221145,0.28636461
takes too much time to load sometimes,positive,neutral,0.7908557057380676,0.08367887,0.7908557,0.12546547
it is an interesting app that uses a lot of memory. but great communication tool,neutral,positive,0.8887372016906738,0.009199363,0.10206346,0.8887372
it's amazing and faster then other <url>,neutral,positive,0.9099801182746887,0.012980535,0.077039294,0.9099801
best weather app out there until it stopped working. won't load anything now. please <url>,negative,neutral,0.6769933700561523,0.06856437,0.67699337,0.25444227
will be much better if it has read out <url>,positive,neutral,0.7078037858009338,0.019633539,0.7078038,0.27256265
good overall but seems to have an issue of being unavailable or offline when other weather apps are working just fine providing the same info. <url> radar,positive,neutral,0.5196791887283325,0.013226226,0.5196792,0.4670946
does the camera support long exposure?,positive,neutral,0.6851291060447693,0.0649127,0.6851291,0.24995822
i enjoy using it. i just have to play with it more to get more experience,positive,positive,0.8696445822715759,0.015376196,0.11497919,0.8696446
it helps me a lot,positive,positive,0.8754289746284485,0.0083714295,0.11619959,0.875429
not bad at all. great improvement.,positive,positive,0.7019973993301392,0.012961927,0.28504068,0.7019974
plenty of unnessary ads,negative,neutral,0.6728885173797607,0.23592521,0.6728885,0.09118627
the news feed so annoying please avoid this type of <url> or add a button for stop news <url>,negative,neutral,0.7015954852104187,0.19241789,0.7015955,0.10598659
can be a bit complicated and in your face but it does a good job and is well supported by venues.,positive,positive,0.7253970503807068,0.01180549,0.2627975,0.72539705
i liked it. no reply on mobile though.,positive,neutral,0.5854993462562561,0.048665557,0.58549935,0.3658351
"works perfectly with snapchat, i hope soon it has more goth/alternative outfits and options for piercings and ear spacers. love the new hair options!",positive,positive,0.9210763573646545,0.013769975,0.06515364,0.92107636
"it used to be a <number> star app but not every time i try to open it it crashes, please fix this asap",negative,negative,0.7944934368133545,0.79449344,0.18021466,0.025291879
where's the support?,negative,neutral,0.603643000125885,0.17800453,0.603643,0.2183525
i think nice but mobile hang krta h,neutral,neutral,0.5285365581512451,0.017571002,0.52853656,0.4538924
please add fonts in this app to write . <signature>,neutral,positive,0.7647764682769775,0.019298673,0.21592483,0.76477647
"worked once, then has never worked again.",negative,negative,0.8667407035827637,0.8667407,0.11450154,0.01875782
fix the radar! what is taking so long? i'm very close to deleting this app for good. i doubt i'm alone!,negative,negative,0.640476644039154,0.64047664,0.30979595,0.04972743
it is good aap for searching and downloading <url>,positive,positive,0.7076964378356934,0.008438203,0.28386536,0.70769644
while controlling shutter speed whole app is getting freezed.,neutral,negative,0.5054827928543091,0.5054828,0.43818182,0.05633546
"no full language support. what a shame, adobe.",negative,negative,0.9617378115653992,0.9617378,0.028594943,0.009667195
it's nice <url>,neutral,positive,0.6103327870368958,0.010189756,0.37947747,0.6103328
"this app is not at all what i had expected. it is very hard to use. at the beggining, you get small info about one fature of the app. once you start to use it, the purpose just gets confusing, how does the tree grow? is the time a stopclock, a timer, im so confused! please improve this app to be more user friendly!",negative,neutral,0.7953651547431946,0.10490966,0.79536515,0.09972514
lost status bar info,neutral,negative,0.7935263514518738,0.79352635,0.17066483,0.035808798
it was fine before i was forced to update.,neutral,neutral,0.6376011371612549,0.28153804,0.63760114,0.08086083
